DATE,DATA
2000/1/3,31.38
2000/1/4,30.6
2000/1/5,30.8
2000/1/6,31.75
2000/1/7,30.85
2000/1/10,30.83
2000/1/11,30.83
2000/1/12,30.8
2000/1/13,30.8
2000/1/14,30.83
2000/1/17,30.83
2000/1/18,30.89
2000/1/19,30.85
2000/1/20,30.85
2000/1/21,30.85
2000/1/24,30.85
2000/1/25,30.85
2000/1/26,30.85
2000/1/27,30.83
2000/1/28,30.75
2000/1/31,30.75
2000/2/1,31.75
2000/2/2,30.8
2000/2/3,30.8
2000/2/4,30.8
2000/2/7,30.8
2000/2/8,30.75
2000/2/9,30.65
2000/2/10,30.65
2000/2/11,30.63
2000/2/14,30.72
2000/2/15,30.75
2000/2/16,30.72
2000/2/17,30.72
2000/2/18,30.765
2000/2/21,30.765
2000/2/22,30.8
2000/2/23,30.8
2000/2/24,30.85
2000/2/25,30.8
2000/2/28,30.8
2000/2/29,30.76
2000/3/1,30.75
2000/3/2,30.75
2000/3/3,30.75
2000/3/6,30.8
2000/3/7,30.75
2000/3/8,30.76
2000/3/9,30.75
2000/3/10,30.75
2000/3/13,30.75
2000/3/14,30.74
2000/3/15,30.75
2000/3/16,30.815
2000/3/17,30.74
2000/3/20,30.75
2000/3/21,30.78
2000/3/22,30.75
2000/3/23,30.75
2000/3/24,30.7
2000/3/27,30.65
2000/3/28,30.64
2000/3/29,30.6
2000/3/30,30.6
2000/3/31,30.48
2000/4/3,30.5
2000/4/4,30.45
2000/4/5,30.5
2000/4/6,30.48
2000/4/7,30.5
2000/4/10,30.35
2000/4/11,30.35
2000/4/12,30.35
2000/4/13,30.35
2000/4/14,30.45
2000/4/17,30.55
2000/4/18,30.6
2000/4/19,30.62
2000/4/20,30.55
2000/4/21,30.585
2000/4/24,30.6
2000/4/25,30.65
2000/4/26,30.65
2000/4/27,30.65
2000/4/28,30.67
2000/5/1,30.65
2000/5/2,30.68
2000/5/3,30.75
2000/5/4,30.72
2000/5/5,30.68
2000/5/8,30.7
2000/5/9,30.65
2000/5/10,30.73
2000/5/11,30.76
2000/5/12,30.75
2000/5/15,30.83
2000/5/16,30.84
2000/5/17,30.75
2000/5/18,30.82
2000/5/19,30.79
2000/5/22,30.75
2000/5/23,30.8
2000/5/24,30.82
2000/5/25,30.85
2000/5/26,30.85
2000/5/29,30.85
2000/5/30,30.96
2000/5/31,30.85
2000/6/1,30.9
2000/6/2,30.85
2000/6/5,30.83
2000/6/6,30.83
2000/6/7,30.8
2000/6/8,30.8
2000/6/9,30.8
2000/6/12,30.8
2000/6/13,30.8
2000/6/14,30.8
2000/6/15,30.85
2000/6/16,30.9
2000/6/19,30.9
2000/6/20,30.9
2000/6/21,30.83
2000/6/22,30.8
2000/6/23,30.8
2000/6/26,30.81
2000/6/27,30.82
2000/6/28,30.82
2000/6/29,30.83
2000/6/30,30.8
2000/7/3,30.83
2000/7/4,30.83
2000/7/5,30.85
2000/7/6,30.88
2000/7/7,30.88
2000/7/10,30.9
2000/7/11,30.9
2000/7/12,30.9
2000/7/13,30.9
2000/7/14,30.9
2000/7/17,30.96
2000/7/18,31
2000/7/19,31.08
2000/7/20,31.13
2000/7/21,31.08
2000/7/24,31.095
2000/7/25,31.1
2000/7/26,31.08
2000/7/27,31.08
2000/7/28,31.07
2000/7/31,31.06
2000/8/1,31.15
2000/8/2,31.1
2000/8/3,31.15
2000/8/4,31.12
2000/8/7,31.15
2000/8/8,31.1
2000/8/9,31.1
2000/8/10,31.1
2000/8/11,31.11
2000/8/14,31.1
2000/8/15,31.13
2000/8/16,31.13
2000/8/17,31.1
2000/8/18,31.11
2000/8/21,31.1
2000/8/22,31.08
2000/8/23,31.08
2000/8/24,31.07
2000/8/25,31.1
2000/8/28,31.08
2000/8/29,31.09
2000/8/30,31.09
2000/8/31,31.1
2000/9/1,31.1
2000/9/4,31.1
2000/9/5,31.08
2000/9/6,31.1
2000/9/7,31.1
2000/9/8,31.1
2000/9/11,31.12
2000/9/12,31.11
2000/9/13,31.12
2000/9/14,31.13
2000/9/15,31.17
2000/9/18,31.29
2000/9/19,31.28
2000/9/20,31.29
2000/9/21,31.28
2000/9/22,31.21
2000/9/25,31.29
2000/9/26,31.28
2000/9/27,31.29
2000/9/28,31.29
2000/9/29,31.324
2000/10/2,31.29
2000/10/3,31.32
2000/10/4,31.3
2000/10/5,31.3
2000/10/6,31.31
2000/10/9,31.31
2000/10/10,31.31
2000/10/11,31.33
2000/10/12,31.3
2000/10/13,31.6
2000/10/16,32.05
2000/10/17,32.3
2000/10/18,32.5
2000/10/19,32.35
2000/10/20,32.15
2000/10/23,32.1
2000/10/24,32.05
2000/10/25,32.05
2000/10/26,32.19
2000/10/27,32.26
2000/10/30,32.35
2000/10/31,32.35
2000/11/1,32.36
2000/11/2,32.25
2000/11/3,32.15
2000/11/6,32.15
2000/11/7,32.15
2000/11/8,32.13
2000/11/9,32.1
2000/11/10,32.07
2000/11/13,32.17
2000/11/14,32.18
2000/11/15,32.15
2000/11/16,32.24
2000/11/17,32.31
2000/11/20,32.48
2000/11/21,32.5
2000/11/22,32.9
2000/11/23,32.9
2000/11/24,32.9
2000/11/27,32.9
2000/11/28,32.85
2000/11/29,33.08
2000/11/30,33.08
2000/12/1,33.05
2000/12/4,33.05
2000/12/5,33.05
2000/12/6,33.05
2000/12/7,33.08
2000/12/8,33.06
2000/12/11,33.1
2000/12/12,33.06
2000/12/13,33.16
2000/12/14,33.1
2000/12/15,33.1
2000/12/18,33.1
2000/12/19,33.1
2000/12/20,33.18
2000/12/21,33.2
2000/12/22,33.2
2000/12/25,33.2
2000/12/26,33.2
2000/12/27,33.25
2000/12/28,33.2
2000/12/29,33.17
2001/1/1,33.17
2001/1/2,33
2001/1/3,33.078
2001/1/4,33
2001/1/5,32.927
2001/1/8,32.85
2001/1/9,32.63
2001/1/10,32.65
2001/1/11,32.67
2001/1/12,32.67
2001/1/15,32.67
2001/1/16,32.645
2001/1/17,32.67
2001/1/18,32.67
2001/1/19,32.61
2001/1/22,32.59
2001/1/23,32.6
2001/1/24,32.6
2001/1/25,32.575
2001/1/26,32.575
2001/1/29,32.545
2001/1/30,32.23
2001/1/31,32.35
2001/2/1,32.39
2001/2/2,32.3
2001/2/5,32.33
2001/2/6,32.27
2001/2/7,32.27
2001/2/8,32.27
2001/2/9,32.27
2001/2/12,32.29
2001/2/13,32.35
2001/2/14,32.32
2001/2/15,32.31
2001/2/16,32.32
2001/2/19,32.32
2001/2/20,32.3
2001/2/21,32.3
2001/2/22,32.38
2001/2/23,32.4
2001/2/26,32.4
2001/2/27,32.4
2001/2/28,32.4
2001/3/1,32.38
2001/3/2,32.4
2001/3/5,32.4
2001/3/6,32.4
2001/3/7,32.42
2001/3/8,32.42
2001/3/9,32.45
2001/3/12,32.48
2001/3/13,32.57
2001/3/14,32.53
2001/3/15,32.61
2001/3/16,32.73
2001/3/19,32.8
2001/3/20,32.785
2001/3/21,32.82
2001/3/22,32.92
2001/3/23,32.85
2001/3/26,32.72
2001/3/27,32.67
2001/3/28,32.67
2001/3/29,32.8
2001/3/30,32.85
2001/4/2,32.97
2001/4/3,32.89
2001/4/4,33
2001/4/5,32.9
2001/4/6,32.9
2001/4/9,33
2001/4/10,32.99
2001/4/11,32.97
2001/4/12,32.92
2001/4/13,32.97
2001/4/16,32.95
2001/4/17,32.97
2001/4/18,32.97
2001/4/19,32.85
2001/4/20,32.91
2001/4/23,32.94
2001/4/24,32.92
2001/4/25,32.93
2001/4/26,32.89
2001/4/27,32.97
2001/4/30,32.94
2001/5/1,32.95
2001/5/2,32.9
2001/5/3,32.89
2001/5/4,32.91
2001/5/7,32.9
2001/5/8,32.91
2001/5/9,32.91
2001/5/10,32.92
2001/5/11,32.92
2001/5/14,32.89
2001/5/15,32.95
2001/5/16,33
2001/5/17,33
2001/5/18,32.98
2001/5/21,33.45
2001/5/22,33.47
2001/5/23,33.45
2001/5/24,33.5
2001/5/25,33.55
2001/5/28,33.55
2001/5/29,34.05
2001/5/30,34.02
2001/5/31,33.95
2001/6/1,34.1
2001/6/4,34.1
2001/6/5,34.08
2001/6/6,34.1
2001/6/7,34.1
2001/6/8,34.1
2001/6/11,34.1
2001/6/12,34.1
2001/6/13,34.43
2001/6/14,34.418
2001/6/15,34.48
2001/6/18,34.48
2001/6/19,34.48
2001/6/20,34.48
2001/6/21,34.45
2001/6/22,34.5
2001/6/25,34.45
2001/6/26,34.44
2001/6/27,34.5
2001/6/28,34.52
2001/6/29,34.48
2001/7/2,34.47
2001/7/3,34.45
2001/7/4,34.45
2001/7/5,34.51
2001/7/6,34.52
2001/7/9,34.6
2001/7/10,34.7
2001/7/11,35.03
2001/7/12,35
2001/7/13,35.02
2001/7/16,35
2001/7/17,35.05
2001/7/18,35
2001/7/19,35.02
2001/7/20,35
2001/7/23,34.95
2001/7/24,34.95
2001/7/25,34.87
2001/7/26,34.77
2001/7/27,34.77
2001/7/30,34.77
2001/7/31,34.8
2001/8/1,34.77
2001/8/2,34.56
2001/8/3,34.65
2001/8/6,34.67
2001/8/7,34.7
2001/8/8,34.65
2001/8/9,34.7
2001/8/10,34.67
2001/8/13,34.65
2001/8/14,34.6
2001/8/15,34.6
2001/8/16,34.6
2001/8/17,34.6
2001/8/20,34.65
2001/8/21,34.62
2001/8/22,34.65
2001/8/23,34.67
2001/8/24,34.67
2001/8/27,34.64
2001/8/28,34.64
2001/8/29,34.56
2001/8/30,34.6
2001/8/31,34.58
2001/9/3,34.58
2001/9/4,34.58
2001/9/5,34.62
2001/9/6,34.65
2001/9/7,34.7
2001/9/10,34.7
2001/9/11,34.7
2001/9/12,34.58
2001/9/13,34.544
2001/9/14,34.57
2001/9/17,34.562
2001/9/18,34.52
2001/9/19,34.49
2001/9/20,34.61
2001/9/21,34.61
2001/9/24,34.56
2001/9/25,34.62
2001/9/26,34.5
2001/9/27,34.55
2001/9/28,34.56
2001/10/1,34.6
2001/10/2,34.62
2001/10/3,34.61
2001/10/4,34.61
2001/10/5,34.6
2001/10/8,34.6
2001/10/9,34.6
2001/10/10,34.6
2001/10/11,34.6
2001/10/12,34.53
2001/10/15,34.58
2001/10/16,34.58
2001/10/17,34.58
2001/10/18,34.58
2001/10/19,34.58
2001/10/22,34.58
2001/10/23,34.58
2001/10/24,34.58
2001/10/25,34.59
2001/10/26,34.57
2001/10/29,34.55
2001/10/30,34.55
2001/10/31,34.55
2001/11/1,34.55
2001/11/2,34.55
2001/11/5,34.55
2001/11/6,34.55
2001/11/7,34.55
2001/11/8,34.5
2001/11/9,34.5
2001/11/12,34.5
2001/11/13,34.5
2001/11/14,34.48
2001/11/15,34.5
2001/11/16,34.5
2001/11/19,34.5
2001/11/20,34.5
2001/11/21,34.47
2001/11/22,34.47
2001/11/23,34.47
2001/11/26,34.47
2001/11/27,34.46
2001/11/28,34.44
2001/11/29,34.44
2001/11/30,34.47
2001/12/3,34.46
2001/12/4,34.46
2001/12/5,34.46
2001/12/6,34.46
2001/12/7,34.46
2001/12/10,34.48
2001/12/11,34.46
2001/12/12,34.46
2001/12/13,34.46
2001/12/14,34.5
2001/12/17,34.58
2001/12/18,34.71
2001/12/19,34.73
2001/12/20,34.76
2001/12/21,34.92
2001/12/24,34.97
2001/12/25,34.97
2001/12/26,35.1
2001/12/27,35.13
2001/12/28,35.08
2001/12/31,35
2002/1/1,35
2002/1/2,35.04
2002/1/3,35.03
2002/1/4,35
2002/1/7,34.94
2002/1/8,35.04
2002/1/9,35.05
2002/1/10,35.03
2002/1/11,35.05
2002/1/14,35.03
2002/1/15,35
2002/1/16,35
2002/1/17,35.03
2002/1/18,35.03
2002/1/21,35.03
2002/1/22,35.08
2002/1/23,35.08
2002/1/24,35.08
2002/1/25,35.06
2002/1/28,35.02
2002/1/29,35
2002/1/30,34.99
2002/1/31,34.99
2002/2/1,35
2002/2/4,35.05
2002/2/5,34.99
2002/2/6,35.02
2002/2/7,35.03
2002/2/8,35.08
2002/2/11,35.08
2002/2/12,35.08
2002/2/13,35.08
2002/2/14,35.08
2002/2/15,35.1
2002/2/18,35.1
2002/2/19,35.1
2002/2/20,35.1
2002/2/21,35.1
2002/2/22,35.1
2002/2/25,35.09
2002/2/26,35.09
2002/2/27,35.11
2002/2/28,35.11
2002/3/1,35.1
2002/3/4,35.09
2002/3/5,35.07
2002/3/6,35.03
2002/3/7,34.99
2002/3/8,34.95
2002/3/11,34.95
2002/3/12,34.95
2002/3/13,34.98
2002/3/14,34.98
2002/3/15,34.99
2002/3/18,35.03
2002/3/19,35.05
2002/3/20,35.05
2002/3/21,35.04
2002/3/22,35.04
2002/3/25,35.05
2002/3/26,35.04
2002/3/27,35.02
2002/3/28,35.01
2002/3/29,35
2002/4/1,35
2002/4/2,35.01
2002/4/3,35
2002/4/4,35
2002/4/5,35
2002/4/8,34.98
2002/4/9,34.98
2002/4/10,34.98
2002/4/11,34.99
2002/4/12,35
2002/4/15,34.99
2002/4/16,34.98
2002/4/17,34.96
2002/4/18,34.94
2002/4/19,34.9
2002/4/22,34.85
2002/4/23,34.81
2002/4/24,34.81
2002/4/25,34.78
2002/4/26,34.77
2002/4/29,34.73
2002/4/30,34.72
2002/5/1,34.72
2002/5/2,34.65
2002/5/3,34.59
2002/5/6,34.57
2002/5/7,34.57
2002/5/8,34.59
2002/5/9,34.61
2002/5/10,34.57
2002/5/13,34.55
2002/5/14,34.58
2002/5/15,34.57
2002/5/16,34.54
2002/5/17,34.46
2002/5/20,34.41
2002/5/21,34.37
2002/5/22,34.34
2002/5/23,34.33
2002/5/24,34.36
2002/5/27,34.36
2002/5/28,34.28
2002/5/29,34.21
2002/5/30,34.06
2002/5/31,34.05
2002/6/3,34.04
2002/6/4,33.99
2002/6/5,34
2002/6/6,34.07
2002/6/7,34.06
2002/6/10,34.06
2002/6/11,34.02
2002/6/12,34.02
2002/6/13,34.02
2002/6/14,34.01
2002/6/17,34
2002/6/18,34.02
2002/6/19,34
2002/6/20,33.92
2002/6/21,33.76
2002/6/24,33.67
2002/6/25,33.64
2002/6/26,33.52
2002/6/27,33.5
2002/6/28,33.46
2002/7/1,33.47
2002/7/2,33.49
2002/7/3,33.5
2002/7/4,33.5
2002/7/5,33.48
2002/7/8,33.41
2002/7/9,33.28
2002/7/10,33.18
2002/7/11,33.18
2002/7/12,33.18
2002/7/15,33.11
2002/7/16,33
2002/7/17,32.85
2002/7/18,32.89
2002/7/19,32.87
2002/7/22,32.88
2002/7/23,33.14
2002/7/24,33.25
2002/7/25,33.26
2002/7/26,33.54
2002/7/29,33.76
2002/7/30,33.66
2002/7/31,33.61
2002/8/1,33.52
2002/8/2,33.57
2002/8/5,33.68
2002/8/6,33.88
2002/8/7,33.75
2002/8/8,33.85
2002/8/9,33.77
2002/8/12,33.72
2002/8/13,33.7
2002/8/14,33.59
2002/8/15,33.68
2002/8/16,33.74
2002/8/19,33.84
2002/8/20,33.9
2002/8/21,34
2002/8/22,34.02
2002/8/23,34.12
2002/8/26,34.24
2002/8/27,34.24
2002/8/28,34.22
2002/8/29,34.18
2002/8/30,34.24
2002/9/2,34.24
2002/9/3,34.33
2002/9/4,34.24
2002/9/5,34.12
2002/9/6,34.12
2002/9/9,34.24
2002/9/10,34.3
2002/9/11,34.38
2002/9/12,34.41
2002/9/13,34.41
2002/9/16,34.75
2002/9/17,34.78
2002/9/18,34.69
2002/9/19,34.61
2002/9/20,34.77
2002/9/23,34.78
2002/9/24,34.81
2002/9/25,34.9
2002/9/26,34.98
2002/9/27,34.92
2002/9/30,34.92
2002/10/1,34.91
2002/10/2,34.97
2002/10/3,34.99
2002/10/4,34.99
2002/10/7,35.06
2002/10/8,35.12
2002/10/9,35.11
2002/10/10,35.11
2002/10/11,35.16
2002/10/14,35.16
2002/10/15,35.15
2002/10/16,34.96
2002/10/17,34.85
2002/10/18,34.91
2002/10/21,34.9
2002/10/22,34.92
2002/10/23,34.86
2002/10/24,34.8
2002/10/25,34.8
2002/10/28,34.89
2002/10/29,34.82
2002/10/30,34.8
2002/10/31,34.75
2002/11/1,34.75
2002/11/4,34.65
2002/11/5,34.58
2002/11/6,34.64
2002/11/7,34.55
2002/11/8,34.46
2002/11/11,34.46
2002/11/12,34.52
2002/11/13,34.57
2002/11/14,34.69
2002/11/15,34.66
2002/11/18,34.71
2002/11/19,34.73
2002/11/20,34.82
2002/11/21,34.75
2002/11/22,34.71
2002/11/25,34.75
2002/11/26,34.72
2002/11/27,34.77
2002/11/28,34.77
2002/11/29,34.76
2002/12/2,34.79
2002/12/3,34.84
2002/12/4,34.83
2002/12/5,34.89
2002/12/6,34.85
2002/12/9,34.76
2002/12/10,34.8
2002/12/11,34.8
2002/12/12,34.79
2002/12/13,34.79
2002/12/16,34.75
2002/12/17,34.74
2002/12/18,34.8
2002/12/19,34.84
2002/12/20,34.8
2002/12/23,34.77
2002/12/24,34.8
2002/12/25,34.8
2002/12/26,34.82
2002/12/27,34.83
2002/12/30,34.79
2002/12/31,34.7
2003/1/1,34.7
2003/1/2,34.74
2003/1/3,34.76
2003/1/6,34.6
2003/1/7,34.55
2003/1/8,34.59
2003/1/9,34.51
2003/1/10,34.54
2003/1/13,34.51
2003/1/14,34.48
2003/1/15,34.44
2003/1/16,34.4
2003/1/17,34.42
2003/1/20,34.42
2003/1/21,34.63
2003/1/22,34.59
2003/1/23,34.61
2003/1/24,34.55
2003/1/27,34.51
2003/1/28,34.7
2003/1/29,34.61
2003/1/30,34.65
2003/1/31,34.61
2003/2/3,34.61
2003/2/4,34.74
2003/2/5,34.74
2003/2/6,34.68
2003/2/7,34.71
2003/2/10,34.78
2003/2/11,34.71
2003/2/12,34.71
2003/2/13,34.71
2003/2/14,34.819
2003/2/17,34.819
2003/2/18,34.71
2003/2/19,34.71
2003/2/20,34.78
2003/2/21,34.75
2003/2/24,34.76
2003/2/25,34.72
2003/2/26,34.78
2003/2/27,34.75
2003/2/28,34.78
2003/3/3,34.78
2003/3/4,34.66
2003/3/5,34.62
2003/3/6,34.67
2003/3/7,34.6
2003/3/10,34.58
2003/3/11,34.62
2003/3/12,34.72
2003/3/13,34.74
2003/3/14,34.71
2003/3/17,34.704
2003/3/18,34.71
2003/3/19,34.8
2003/3/20,34.76
2003/3/21,34.79
2003/3/24,34.78
2003/3/25,34.78
2003/3/26,34.78
2003/3/27,34.8
2003/3/28,34.8
2003/3/31,34.75
2003/4/1,34.8
2003/4/2,34.8
2003/4/3,34.81
2003/4/4,34.825
2003/4/7,34.84
2003/4/8,34.82
2003/4/9,34.81
2003/4/10,34.8
2003/4/11,34.8
2003/4/14,34.81
2003/4/15,34.81
2003/4/16,34.8
2003/4/17,34.79
2003/4/18,34.79
2003/4/21,34.81
2003/4/22,34.81
2003/4/23,34.81
2003/4/24,34.86
2003/4/25,34.81
2003/4/28,34.98
2003/4/29,34.89
2003/4/30,34.85
2003/5/1,34.85
2003/5/2,34.8
2003/5/5,34.8
2003/5/6,34.7
2003/5/7,34.7
2003/5/8,34.65
2003/5/9,34.65
2003/5/12,34.65
2003/5/13,34.7
2003/5/14,34.7
2003/5/15,34.65
2003/5/16,34.65
2003/5/19,34.6
2003/5/20,34.6
2003/5/21,34.66
2003/5/22,34.69
2003/5/23,34.7
2003/5/26,34.7
2003/5/27,34.7
2003/5/28,34.726
2003/5/29,34.75
2003/5/30,34.71
2003/6/2,34.7
2003/6/3,34.7
2003/6/4,34.68
2003/6/5,34.68
2003/6/6,34.68
2003/6/9,34.68
2003/6/10,34.68
2003/6/11,34.7
2003/6/12,34.7
2003/6/13,34.65
2003/6/16,34.6
2003/6/17,34.52
2003/6/18,34.55
2003/6/19,34.6
2003/6/20,34.59
2003/6/23,34.6
2003/6/24,34.6
2003/6/25,34.56
2003/6/26,34.6
2003/6/27,34.61
2003/6/30,34.61
2003/7/1,34.58
2003/7/2,34.54
2003/7/3,34.45
2003/7/4,34.45
2003/7/7,34.39
2003/7/8,34.35
2003/7/9,34.35
2003/7/10,34.25
2003/7/11,34.35
2003/7/14,34.35
2003/7/15,34.35
2003/7/16,34.41
2003/7/17,34.41
2003/7/18,34.41
2003/7/21,34.41
2003/7/22,34.41
2003/7/23,34.4
2003/7/24,34.37
2003/7/25,34.37
2003/7/28,34.4
2003/7/29,34.37
2003/7/30,34.4
2003/7/31,34.41
2003/8/1,34.44
2003/8/4,34.47
2003/8/5,34.46
2003/8/6,34.43
2003/8/7,34.45
2003/8/8,34.45
2003/8/11,34.34
2003/8/12,34.35
2003/8/13,34.33
2003/8/14,34.37
2003/8/15,34.37
2003/8/18,34.32
2003/8/19,34.34
2003/8/20,34.3
2003/8/21,34.23
2003/8/22,34.21
2003/8/25,34.18
2003/8/26,34.2
2003/8/27,34.13
2003/8/28,34.19
2003/8/29,34.12
2003/9/1,34.12
2003/9/2,34.12
2003/9/3,34.15
2003/9/4,34.12
2003/9/5,34.12
2003/9/8,34.1
2003/9/9,34.1
2003/9/10,34.1
2003/9/11,34.1
2003/9/12,34.1
2003/9/15,34.13
2003/9/16,34.1
2003/9/17,34.1
2003/9/18,34.11
2003/9/19,34.05
2003/9/22,33.8
2003/9/23,33.75
2003/9/24,33.78
2003/9/25,33.72
2003/9/26,33.78
2003/9/29,33.78
2003/9/30,33.78
2003/10/1,33.83
2003/10/2,33.78
2003/10/3,33.75
2003/10/6,33.78
2003/10/7,33.78
2003/10/8,33.79
2003/10/9,33.73
2003/10/10,33.72
2003/10/13,33.72
2003/10/14,33.9
2003/10/15,33.85
2003/10/16,33.82
2003/10/17,33.92
2003/10/20,33.9
2003/10/21,34.05
2003/10/22,33.95
2003/10/23,33.95
2003/10/24,33.95
2003/10/27,33.95
2003/10/28,33.95
2003/10/29,33.95
2003/10/30,33.96
2003/10/31,33.98
2003/11/3,34.02
2003/11/4,34
2003/11/5,34.06
2003/11/6,34
2003/11/7,34
2003/11/10,33.95
2003/11/11,33.95
2003/11/12,34
2003/11/13,34
2003/11/14,34
2003/11/17,34.01
2003/11/18,34
2003/11/19,34
2003/11/20,34.03
2003/11/21,34.05
2003/11/24,34.06
2003/11/25,34.1
2003/11/26,34.17
2003/11/27,34.17
2003/11/28,34.2
2003/12/1,34.15
2003/12/2,34.15
2003/12/3,34.1
2003/12/4,34.1
2003/12/5,34.11
2003/12/8,34.05
2003/12/9,34.03
2003/12/10,34.04
2003/12/11,34.03
2003/12/12,34.03
2003/12/15,34.03
2003/12/16,34.02
2003/12/17,34.02
2003/12/18,34.05
2003/12/19,34.05
2003/12/22,34.05
2003/12/23,34.05
2003/12/24,34.05
2003/12/25,34.05
2003/12/26,34.05
2003/12/29,34.06
2003/12/30,34.03
2003/12/31,33.99
2004/1/1,33.99
2004/1/2,33.98
2004/1/5,33.9
2004/1/6,33.8
2004/1/7,33.82
2004/1/8,33.8
2004/1/9,33.75
2004/1/12,33.68
2004/1/13,33.66
2004/1/14,33.68
2004/1/15,33.67
2004/1/16,33.68
2004/1/19,33.68
2004/1/20,33.68
2004/1/21,33.68
2004/1/22,33.64
2004/1/23,33.63
2004/1/26,33.73
2004/1/27,33.51
2004/1/28,33.33
2004/1/29,33.36
2004/1/30,33.39
2004/2/2,33.36
2004/2/3,33.25
2004/2/4,33.25
2004/2/5,33.25
2004/2/6,33.3
2004/2/9,33.2
2004/2/10,33.21
2004/2/11,33.15
2004/2/12,33.13
2004/2/13,33.15
2004/2/16,33.15
2004/2/17,33.13
2004/2/18,33.1
2004/2/19,33.11
2004/2/20,33.13
2004/2/23,33.28
2004/2/24,33.32
2004/2/25,33.25
2004/2/26,33.21
2004/2/27,33.28
2004/3/1,33.29
2004/3/2,33.3
2004/3/3,33.32
2004/3/4,33.33
2004/3/5,33.28
2004/3/8,33.35
2004/3/9,33.28
2004/3/10,33.35
2004/3/11,33.28
2004/3/12,33.42
2004/3/15,33.4
2004/3/16,33.31
2004/3/17,33.25
2004/3/18,33.13
2004/3/19,33.22
2004/3/22,33.21
2004/3/23,33.25
2004/3/24,33.16
2004/3/25,33.19
2004/3/26,33.24
2004/3/29,33.15
2004/3/30,33.09
2004/3/31,33
2004/4/1,32.89
2004/4/2,33
2004/4/5,32.89
2004/4/6,32.93
2004/4/7,32.94
2004/4/8,32.85
2004/4/9,32.87
2004/4/12,32.82
2004/4/13,32.73
2004/4/14,32.84
2004/4/15,33.03
2004/4/16,33.17
2004/4/19,32.87
2004/4/20,32.95
2004/4/21,32.95
2004/4/22,33.05
2004/4/23,33.03
2004/4/26,33.05
2004/4/27,32.99
2004/4/28,32.99
2004/4/29,33.24
2004/4/30,33.27
2004/5/3,33.26
2004/5/4,33.18
2004/5/5,33.16
2004/5/6,33.14
2004/5/7,33.39
2004/5/10,33.7
2004/5/11,33.6
2004/5/12,33.4
2004/5/13,33.51
2004/5/14,33.663
2004/5/17,33.62
2004/5/18,33.63
2004/5/19,33.37
2004/5/20,33.59
2004/5/21,33.49
2004/5/24,33.49
2004/5/25,33.48
2004/5/26,33.47
2004/5/27,33.38
2004/5/28,33.36
2004/5/31,33.36
2004/6/1,33.53
2004/6/2,33.45
2004/6/3,33.45
2004/6/4,33.47
2004/6/7,33.46
2004/6/8,33.4
2004/6/9,33.35
2004/6/10,33.4
2004/6/11,33.51
2004/6/14,33.52
2004/6/15,33.7
2004/6/16,33.58
2004/6/17,33.61
2004/6/18,33.64
2004/6/21,33.67
2004/6/22,33.8
2004/6/23,33.79
2004/6/24,33.59
2004/6/25,33.57
2004/6/28,33.65
2004/6/29,33.69
2004/6/30,33.66
2004/7/1,33.6
2004/7/2,33.62
2004/7/5,33.62
2004/7/6,33.61
2004/7/7,33.58
2004/7/8,33.6
2004/7/9,33.62
2004/7/12,33.64
2004/7/13,33.62
2004/7/14,33.685
2004/7/15,33.85
2004/7/16,33.815
2004/7/19,33.84
2004/7/20,33.87
2004/7/21,33.835
2004/7/22,33.85
2004/7/23,33.965
2004/7/26,34.15
2004/7/27,34.05
2004/7/28,34
2004/7/29,34.09
2004/7/30,34.04
2004/8/2,33.98
2004/8/3,34.11
2004/8/4,34.08
2004/8/5,34.05
2004/8/6,34.16
2004/8/9,34.05
2004/8/10,33.99
2004/8/11,34.04
2004/8/12,34.14
2004/8/13,34.07
2004/8/16,34.03
2004/8/17,34.04
2004/8/18,34.05
2004/8/19,33.93
2004/8/20,33.93
2004/8/23,33.95
2004/8/24,34.06
2004/8/25,34.07
2004/8/26,33.95
2004/8/27,33.97
2004/8/30,33.92
2004/8/31,33.94
2004/9/1,33.87
2004/9/2,33.84
2004/9/3,33.81
2004/9/6,33.81
2004/9/7,33.95
2004/9/8,33.9
2004/9/9,33.82
2004/9/10,33.93
2004/9/13,33.92
2004/9/14,33.875
2004/9/15,33.76
2004/9/16,33.69
2004/9/17,33.875
2004/9/20,33.91
2004/9/21,33.93
2004/9/22,33.8
2004/9/23,33.85
2004/9/24,33.88
2004/9/27,34
2004/9/28,34.1
2004/9/29,34.05
2004/9/30,33.99
2004/10/1,33.84
2004/10/4,33.89
2004/10/5,33.93
2004/10/6,33.925
2004/10/7,33.925
2004/10/8,33.74
2004/10/11,33.74
2004/10/12,33.895
2004/10/13,33.92
2004/10/14,33.89
2004/10/15,33.88
2004/10/18,33.76
2004/10/19,33.87
2004/10/20,33.81
2004/10/21,33.78
2004/10/22,33.62
2004/10/25,33.7
2004/10/26,33.68
2004/10/27,33.58
2004/10/28,33.465
2004/10/29,33.395
2004/11/1,33.44
2004/11/2,33.48
2004/11/3,33.385
2004/11/4,33.15
2004/11/5,33.095
2004/11/8,32.915
2004/11/9,32.915
2004/11/10,33.23
2004/11/11,33.23
2004/11/12,32.97
2004/11/15,32.815
2004/11/16,32.81
2004/11/17,32.57
2004/11/18,32.635
2004/11/19,32.44
2004/11/22,32.46
2004/11/23,32.45
2004/11/24,32.21
2004/11/25,32.21
2004/11/26,32.2
2004/11/29,32.17
2004/11/30,32.2
2004/12/1,32.18
2004/12/2,31.85
2004/12/3,32.18
2004/12/6,32.02
2004/12/7,32.08
2004/12/8,32.12
2004/12/9,32.16
2004/12/10,32.455
2004/12/13,32.275
2004/12/14,32.49
2004/12/15,32.41
2004/12/16,32.32
2004/12/17,32.35
2004/12/20,32.3
2004/12/21,32.34
2004/12/22,32.26
2004/12/23,32.18
2004/12/24,32.171
2004/12/27,32.04
2004/12/28,32.035
2004/12/29,32.02
2004/12/30,31.94
2004/12/31,31.74
2005/1/3,31.71
2005/1/4,31.79
2005/1/5,31.92
2005/1/6,32.04
2005/1/7,32
2005/1/10,32.215
2005/1/11,31.98
2005/1/12,31.85
2005/1/13,31.69
2005/1/14,31.885
2005/1/17,31.885
2005/1/18,31.88
2005/1/19,31.79
2005/1/20,31.79
2005/1/21,31.84
2005/1/24,31.65
2005/1/25,31.84
2005/1/26,31.7
2005/1/27,31.92
2005/1/28,31.73
2005/1/31,31.71
2005/2/1,31.79
2005/2/2,31.69
2005/2/3,31.655
2005/2/4,31.54
2005/2/7,31.605
2005/2/8,31.77
2005/2/9,31.79
2005/2/10,31.725
2005/2/11,31.64
2005/2/14,31.535
2005/2/15,31.445
2005/2/16,31.59
2005/2/17,31.47
2005/2/18,31.46
2005/2/21,31.46
2005/2/22,31.115
2005/2/23,31.195
2005/2/24,31.215
2005/2/25,31.165
2005/2/28,31.06
2005/3/1,30.945
2005/3/2,30.74
2005/3/3,30.847
2005/3/4,30.81
2005/3/7,30.873
2005/3/8,30.865
2005/3/9,30.806
2005/3/10,30.65
2005/3/11,30.68
2005/3/14,30.821
2005/3/15,30.99
2005/3/16,30.98
2005/3/17,31.04
2005/3/18,31.01
2005/3/21,31.28
2005/3/22,31.29
2005/3/23,31.38
2005/3/24,31.42
2005/3/25,31.45
2005/3/28,31.63
2005/3/29,31.73
2005/3/30,31.73
2005/3/31,31.46
2005/4/1,31.34
2005/4/4,31.54
2005/4/5,31.54
2005/4/6,31.53
2005/4/7,31.51
2005/4/8,31.57
2005/4/11,31.57
2005/4/12,31.62
2005/4/13,31.42
2005/4/14,31.7
2005/4/15,31.56
2005/4/18,31.62
2005/4/19,31.5
2005/4/20,31.46
2005/4/21,31.51
2005/4/22,31.49
2005/4/25,31.32
2005/4/26,31.34
2005/4/27,31.39
2005/4/28,31.32
2005/4/29,31.23
2005/5/2,31.33
2005/5/3,31.26
2005/5/4,31
2005/5/5,31.05
2005/5/6,31.15
2005/5/9,31.24
2005/5/10,31.2
2005/5/11,30.98
2005/5/12,31.3
2005/5/13,31.27
2005/5/16,31.37
2005/5/17,31.39
2005/5/18,31.34
2005/5/19,31.34
2005/5/20,31.47
2005/5/23,31.38
2005/5/24,31.3
2005/5/25,31.37
2005/5/26,31.41
2005/5/27,31.29
2005/5/30,31.29
2005/5/31,31.13
2005/6/1,31.3
2005/6/2,31.3
2005/6/3,31.27
2005/6/6,31.15
2005/6/7,31.22
2005/6/8,31.27
2005/6/9,31.29
2005/6/10,31.33
2005/6/13,31.48
2005/6/14,31.43
2005/6/15,31.37
2005/6/16,31.4
2005/6/17,31.22
2005/6/20,31.37
2005/6/21,31.3
2005/6/22,31.36
2005/6/23,31.35
2005/6/24,31.31
2005/6/27,31.32
2005/6/28,31.33
2005/6/29,31.63
2005/6/30,31.64
2005/7/1,31.64
2005/7/4,31.64
2005/7/5,31.95
2005/7/6,31.88
2005/7/7,32.01
2005/7/8,32.07
2005/7/11,31.93
2005/7/12,31.82
2005/7/13,31.88
2005/7/14,31.93
2005/7/15,31.95
2005/7/18,31.87
2005/7/19,32
2005/7/20,31.89
2005/7/21,31.94
2005/7/22,31.61
2005/7/25,31.72
2005/7/26,31.94
2005/7/27,31.91
2005/7/28,31.85
2005/7/29,31.92
2005/8/1,31.9
2005/8/2,31.82
2005/8/3,31.84
2005/8/4,31.85
2005/8/5,31.77
2005/8/8,31.81
2005/8/9,31.96
2005/8/10,31.88
2005/8/11,31.9
2005/8/12,31.88
2005/8/15,31.95
2005/8/16,31.98
2005/8/17,32.05
2005/8/18,32.19
2005/8/19,32.15
2005/8/22,32.1
2005/8/23,32.16
2005/8/24,32.23
2005/8/25,32.25
2005/8/26,32.2
2005/8/29,32.44
2005/8/30,32.72
2005/8/31,32.71
2005/9/1,32.71
2005/9/2,32.52
2005/9/5,32.52
2005/9/6,32.54
2005/9/7,32.6
2005/9/8,32.74
2005/9/9,32.7
2005/9/12,32.68
2005/9/13,32.74
2005/9/14,32.77
2005/9/15,32.83
2005/9/16,32.93
2005/9/19,33.1
2005/9/20,33.04
2005/9/21,33.07
2005/9/22,33.14
2005/9/23,33.17
2005/9/26,33.27
2005/9/27,33.24
2005/9/28,33.24
2005/9/29,33.21
2005/9/30,33.18
2005/10/3,33.19
2005/10/4,33.29
2005/10/5,33.19
2005/10/6,33.21
2005/10/7,33.19
2005/10/10,33.19
2005/10/11,33.22
2005/10/12,33.33
2005/10/13,33.43
2005/10/14,33.41
2005/10/17,33.45
2005/10/18,33.54
2005/10/19,33.64
2005/10/20,33.68
2005/10/21,33.63
2005/10/24,33.77
2005/10/25,33.74
2005/10/26,33.66
2005/10/27,33.63
2005/10/28,33.6
2005/10/31,33.55
2005/11/1,33.58
2005/11/2,33.58
2005/11/3,33.58
2005/11/4,33.61
2005/11/7,33.68
2005/11/8,33.71
2005/11/9,33.64
2005/11/10,33.56
2005/11/11,33.56
2005/11/14,33.39
2005/11/15,33.51
2005/11/16,33.62
2005/11/17,33.63
2005/11/18,33.63
2005/11/21,33.61
2005/11/22,33.62
2005/11/23,33.48
2005/11/24,33.48
2005/11/25,33.55
2005/11/28,33.6
2005/11/29,33.51
2005/11/30,33.51
2005/12/1,33.56
2005/12/2,33.53
2005/12/5,33.49
2005/12/6,33.46
2005/12/7,33.48
2005/12/8,33.5
2005/12/9,33.5
2005/12/12,33.55
2005/12/13,33.45
2005/12/14,33.318
2005/12/15,33.18
2005/12/16,33.12
2005/12/19,33.18
2005/12/20,33.25
2005/12/21,33.25
2005/12/22,33.21
2005/12/23,33.13
2005/12/26,33.13
2005/12/27,33.09
2005/12/28,33.06
2005/12/29,32.9
2005/12/30,32.8
2006/1/2,32.8
2006/1/3,32.59
2006/1/4,32.29
2006/1/5,31.96
2006/1/6,32.15
2006/1/9,31.9
2006/1/10,31.98
2006/1/11,32.07
2006/1/12,31.83
2006/1/13,31.94
2006/1/16,31.94
2006/1/17,31.95
2006/1/18,32.12
2006/1/19,32.13
2006/1/20,32.1
2006/1/23,31.94
2006/1/24,31.94
2006/1/25,31.97
2006/1/26,31.96
2006/1/27,31.94
2006/1/30,31.97
2006/1/31,31.97
2006/2/1,31.97
2006/2/2,31.98
2006/2/3,32.08
2006/2/6,32.08
2006/2/7,32.22
2006/2/8,32.34
2006/2/9,32.41
2006/2/10,32.26
2006/2/13,32.37
2006/2/14,32.29
2006/2/15,32.35
2006/2/16,32.4
2006/2/17,32.38
2006/2/20,32.38
2006/2/21,32.44
2006/2/22,32.65
2006/2/23,32.51
2006/2/24,32.48
2006/2/27,32.45
2006/2/28,32.4
2006/3/1,32.28
2006/3/2,32.3
2006/3/3,32.35
2006/3/6,32.43
2006/3/7,32.51
2006/3/8,32.52
2006/3/9,32.48
2006/3/10,32.47
2006/3/13,32.5
2006/3/14,32.38
2006/3/15,32.35
2006/3/16,32.44
2006/3/17,32.38
2006/3/20,32.38
2006/3/21,32.46
2006/3/22,32.51
2006/3/23,32.57
2006/3/24,32.62
2006/3/27,32.56
2006/3/28,32.6
2006/3/29,32.55
2006/3/30,32.49
2006/3/31,32.42
2006/4/3,32.54
2006/4/4,32.42
2006/4/5,32.43
2006/4/6,32.28
2006/4/7,32.28
2006/4/10,32.36
2006/4/11,32.4
2006/4/12,32.52
2006/4/13,32.45
2006/4/14,32.48
2006/4/17,32.42
2006/4/18,32.44
2006/4/19,32.36
2006/4/20,32.3
2006/4/21,32.3
2006/4/24,31.98
2006/4/25,31.94
2006/4/26,32.05
2006/4/27,31.91
2006/4/28,31.9
2006/5/1,31.9
2006/5/2,31.72
2006/5/3,31.57
2006/5/4,31.63
2006/5/5,31.6
2006/5/8,31.32
2006/5/9,31.49
2006/5/10,31.28
2006/5/11,31.45
2006/5/12,31.35
2006/5/15,31.59
2006/5/16,31.75
2006/5/17,31.53
2006/5/18,31.84
2006/5/19,31.89
2006/5/22,32.13
2006/5/23,31.98
2006/5/24,32
2006/5/25,32.09
2006/5/26,32.02
2006/5/29,32.02
2006/5/30,32.09
2006/5/31,31.99
2006/6/1,32.05
2006/6/2,32.04
2006/6/5,32.03
2006/6/6,32.02
2006/6/7,32.21
2006/6/8,32.46
2006/6/9,32.4
2006/6/12,32.54
2006/6/13,32.62
2006/6/14,32.53
2006/6/15,32.53
2006/6/16,32.42
2006/6/19,32.54
2006/6/20,32.56
2006/6/21,32.59
2006/6/22,32.6
2006/6/23,32.7
2006/6/26,32.67
2006/6/27,32.65
2006/6/28,32.62
2006/6/29,32.56
2006/6/30,32.33
2006/7/3,32.24
2006/7/4,32.24
2006/7/5,32.32
2006/7/6,32.39
2006/7/7,32.34
2006/7/10,32.31
2006/7/11,32.45
2006/7/12,32.46
2006/7/13,32.54
2006/7/14,32.63
2006/7/17,32.85
2006/7/18,32.85
2006/7/19,32.87
2006/7/20,32.71
2006/7/21,32.69
2006/7/24,32.85
2006/7/25,32.78
2006/7/26,32.84
2006/7/27,32.74
2006/7/28,32.74
2006/7/31,32.74
2006/8/1,32.82
2006/8/2,32.86
2006/8/3,32.86
2006/8/4,32.87
2006/8/7,32.81
2006/8/8,32.81
2006/8/9,32.77
2006/8/10,32.54
2006/8/11,32.61
2006/8/14,32.71
2006/8/15,32.7
2006/8/16,32.7
2006/8/17,32.59
2006/8/18,32.62
2006/8/21,32.65
2006/8/22,32.72
2006/8/23,32.74
2006/8/24,32.81
2006/8/25,32.85
2006/8/28,32.91
2006/8/29,32.82
2006/8/30,32.87
2006/8/31,32.86
2006/9/1,32.85
2006/9/4,32.85
2006/9/5,32.71
2006/9/6,32.8
2006/9/7,32.79
2006/9/8,32.89
2006/9/11,32.92
2006/9/12,32.91
2006/9/13,32.88
2006/9/14,32.91
2006/9/15,32.93
2006/9/18,32.91
2006/9/19,32.89
2006/9/20,32.9
2006/9/21,32.92
2006/9/22,32.93
2006/9/25,32.94
2006/9/26,32.94
2006/9/27,32.96
2006/9/28,32.99
2006/9/29,33.1
2006/10/2,33.13
2006/10/3,33.05
2006/10/4,33.12
2006/10/5,33.09
2006/10/6,33.09
2006/10/9,33.09
2006/10/10,33.09
2006/10/11,33.29
2006/10/12,33.23
2006/10/13,33.12
2006/10/16,33.23
2006/10/17,33.15
2006/10/18,33.18
2006/10/19,33.19
2006/10/20,33.2
2006/10/23,33.27
2006/10/24,33.31
2006/10/25,33.31
2006/10/26,33.26
2006/10/27,33.28
2006/10/30,33.22
2006/10/31,33.26
2006/11/1,33.16
2006/11/2,33.02
2006/11/3,32.91
2006/11/6,32.95
2006/11/7,32.78
2006/11/8,32.85
2006/11/9,32.89
2006/11/10,32.77
2006/11/13,32.77
2006/11/14,32.77
2006/11/15,32.81
2006/11/16,32.82
2006/11/17,32.92
2006/11/20,32.92
2006/11/21,32.84
2006/11/22,32.81
2006/11/23,32.81
2006/11/24,32.77
2006/11/27,32.7
2006/11/28,32.67
2006/11/29,32.49
2006/11/30,32.35
2006/12/1,32.34
2006/12/4,32.39
2006/12/5,32.29
2006/12/6,32.29
2006/12/7,32.27
2006/12/8,32.39
2006/12/11,32.49
2006/12/12,32.48
2006/12/13,32.56
2006/12/14,32.53
2006/12/15,32.58
2006/12/18,32.6
2006/12/19,32.74
2006/12/20,32.61
2006/12/21,32.55
2006/12/22,32.55
2006/12/25,32.55
2006/12/26,32.65
2006/12/27,32.68
2006/12/28,32.65
2006/12/29,32.59
2007/1/1,32.59
2007/1/2,32.38
2007/1/3,32.4
2007/1/4,32.53
2007/1/5,32.61
2007/1/8,32.67
2007/1/9,32.69
2007/1/10,32.75
2007/1/11,32.83
2007/1/12,32.74
2007/1/15,32.74
2007/1/16,32.77
2007/1/17,32.78
2007/1/18,32.79
2007/1/19,32.81
2007/1/22,32.95
2007/1/23,32.95
2007/1/24,32.82
2007/1/25,32.85
2007/1/26,32.93
2007/1/29,32.99
2007/1/30,32.97
2007/1/31,32.95
2007/2/1,32.86
2007/2/2,32.91
2007/2/5,32.92
2007/2/6,32.92
2007/2/7,33.01
2007/2/8,33.03
2007/2/9,32.96
2007/2/12,33.02
2007/2/13,33.08
2007/2/14,32.98
2007/2/15,32.9
2007/2/16,32.94
2007/2/19,32.94
2007/2/20,32.98
2007/2/21,32.98
2007/2/22,32.98
2007/2/23,33.07
2007/2/26,32.96
2007/2/27,32.92
2007/2/28,32.98
2007/3/1,32.88
2007/3/2,32.84
2007/3/5,32.92
2007/3/6,32.96
2007/3/7,32.92
2007/3/8,32.97
2007/3/9,32.96
2007/3/12,32.98
2007/3/13,32.96
2007/3/14,33.03
2007/3/15,33.04
2007/3/16,33.1
2007/3/19,33.11
2007/3/20,33.13
2007/3/21,33.11
2007/3/22,32.99
2007/3/23,33.04
2007/3/26,33.06
2007/3/27,33.06
2007/3/28,33.06
2007/3/29,33.08
2007/3/30,33.01
2007/4/2,33.06
2007/4/3,33.12
2007/4/4,33.05
2007/4/5,33.06
2007/4/6,33.14
2007/4/9,33.06
2007/4/10,33.11
2007/4/11,33.12
2007/4/12,33.1
2007/4/13,33.13
2007/4/16,33.15
2007/4/17,33.13
2007/4/18,33.16
2007/4/19,33.11
2007/4/20,33.15
2007/4/23,33.17
2007/4/24,33.17
2007/4/25,33.18
2007/4/26,33.28
2007/4/27,33.27
2007/4/30,33.33
2007/5/1,33.35
2007/5/2,33.34
2007/5/3,33.3
2007/5/4,33.27
2007/5/7,33.21
2007/5/8,33.26
2007/5/9,33.28
2007/5/10,33.33
2007/5/11,33.28
2007/5/14,33.32
2007/5/15,33.33
2007/5/16,33.34
2007/5/17,33.37
2007/5/18,33.35
2007/5/21,33.38
2007/5/22,33.39
2007/5/23,33.41
2007/5/24,33.29
2007/5/25,33.23
2007/5/28,33.23
2007/5/29,33.02
2007/5/30,32.97
2007/5/31,33.09
2007/6/1,33
2007/6/4,33
2007/6/5,32.99
2007/6/6,33.01
2007/6/7,33.03
2007/6/8,32.98
2007/6/11,33.02
2007/6/12,33.02
2007/6/13,33.05
2007/6/14,33.17
2007/6/15,33.18
2007/6/18,33.17
2007/6/19,33.15
2007/6/20,33.05
2007/6/21,32.93
2007/6/22,32.75
2007/6/25,32.74
2007/6/26,32.77
2007/6/27,32.8
2007/6/28,32.82
2007/6/29,32.83
2007/7/2,32.77
2007/7/3,32.79
2007/7/4,32.79
2007/7/5,32.79
2007/7/6,32.84
2007/7/9,32.79
2007/7/10,32.78
2007/7/11,32.78
2007/7/12,32.79
2007/7/13,32.8
2007/7/16,32.84
2007/7/17,32.83
2007/7/18,32.83
2007/7/19,32.82
2007/7/20,32.79
2007/7/23,32.78
2007/7/24,32.79
2007/7/25,32.8
2007/7/26,32.83
2007/7/27,32.88
2007/7/30,32.8
2007/7/31,32.88
2007/8/1,32.9
2007/8/2,32.86
2007/8/3,32.91
2007/8/6,32.9
2007/8/7,32.91
2007/8/8,32.94
2007/8/9,32.92
2007/8/10,32.94
2007/8/13,32.95
2007/8/14,32.99
2007/8/15,33.01
2007/8/16,33.08
2007/8/17,32.84
2007/8/20,32.89
2007/8/21,33.04
2007/8/22,32.99
2007/8/23,32.97
2007/8/24,32.98
2007/8/27,32.99
2007/8/28,33.02
2007/8/29,33.01
2007/8/30,33.06
2007/8/31,33.02
2007/9/3,33.02
2007/9/4,33.03
2007/9/5,33.05
2007/9/6,33.05
2007/9/7,33.04
2007/9/10,33.06
2007/9/11,33.08
2007/9/12,33.06
2007/9/13,33.08
2007/9/14,33.08
2007/9/17,33.08
2007/9/18,33.1
2007/9/19,33.08
2007/9/20,33.06
2007/9/21,32.95
2007/9/24,32.92
2007/9/25,32.95
2007/9/26,32.93
2007/9/27,32.92
2007/9/28,32.67
2007/10/1,32.56
2007/10/2,32.58
2007/10/3,32.57
2007/10/4,32.58
2007/10/5,32.6
2007/10/8,32.6
2007/10/9,32.59
2007/10/10,32.59
2007/10/11,32.57
2007/10/12,32.58
2007/10/15,32.6
2007/10/16,32.6
2007/10/17,32.61
2007/10/18,32.6
2007/10/19,32.57
2007/10/22,32.57
2007/10/23,32.58
2007/10/24,32.57
2007/10/25,32.48
2007/10/26,32.46
2007/10/29,32.39
2007/10/30,32.4
2007/10/31,32.39
2007/11/1,32.38
2007/11/2,32.39
2007/11/5,32.4
2007/11/6,32.38
2007/11/7,32.34
2007/11/8,32.3
2007/11/9,32.27
2007/11/12,32.27
2007/11/13,32.29
2007/11/14,32.28
2007/11/15,32.29
2007/11/16,32.34
2007/11/19,32.35
2007/11/20,32.35
2007/11/21,32.34
2007/11/22,32.34
2007/11/23,32.32
2007/11/26,32.32
2007/11/27,32.32
2007/11/28,32.33
2007/11/29,32.3
2007/11/30,32.26
2007/12/3,32.3
2007/12/4,32.31
2007/12/5,32.3
2007/12/6,32.31
2007/12/7,32.3
2007/12/10,32.32
2007/12/11,32.34
2007/12/12,32.35
2007/12/13,32.36
2007/12/14,32.36
2007/12/17,32.48
2007/12/18,32.52
2007/12/19,32.51
2007/12/20,32.5
2007/12/21,32.49
2007/12/24,32.49
2007/12/25,32.49
2007/12/26,32.53
2007/12/27,32.53
2007/12/28,32.5
2007/12/31,32.43
2008/1/1,32.43
2008/1/2,32.44
2008/1/3,32.43
2008/1/4,32.42
2008/1/7,32.49
2008/1/8,32.46
2008/1/9,32.47
2008/1/10,32.49
2008/1/11,32.47
2008/1/14,32.33
2008/1/15,32.23
2008/1/16,32.27
2008/1/17,32.28
2008/1/18,32.31
2008/1/21,32.31
2008/1/22,32.44
2008/1/23,32.41
2008/1/24,32.34
2008/1/25,32.29
2008/1/28,32.32
2008/1/29,32.29
2008/1/30,32.2
2008/1/31,32.15
2008/2/1,32.03
2008/2/4,32.03
2008/2/5,32
2008/2/6,32
2008/2/7,32
2008/2/8,32
2008/2/11,32
2008/2/12,31.87
2008/2/13,31.63
2008/2/14,31.69
2008/2/15,31.73
2008/2/18,31.73
2008/2/19,31.66
2008/2/20,31.63
2008/2/21,31.52
2008/2/22,31.31
2008/2/25,31.25
2008/2/26,31.18
2008/2/27,30.9
2008/2/28,30.9
2008/2/29,30.92
2008/3/3,31.09
2008/3/4,30.91
2008/3/5,30.83
2008/3/6,30.7
2008/3/7,30.71
2008/3/10,30.63
2008/3/11,30.58
2008/3/12,30.68
2008/3/13,30.66
2008/3/14,30.74
2008/3/17,30.85
2008/3/18,30.72
2008/3/19,30.71
2008/3/20,30.66
2008/3/21,30.5
2008/3/24,30.19
2008/3/25,30.08
2008/3/26,29.99
2008/3/27,30.14
2008/3/28,30.38
2008/3/31,30.37
2008/4/1,30.3
2008/4/2,30.37
2008/4/3,30.41
2008/4/4,30.41
2008/4/7,30.41
2008/4/8,30.52
2008/4/9,30.45
2008/4/10,30.3
2008/4/11,30.29
2008/4/14,30.31
2008/4/15,30.25
2008/4/16,30.24
2008/4/17,30.29
2008/4/18,30.41
2008/4/21,30.27
2008/4/22,30.26
2008/4/23,30.29
2008/4/24,30.35
2008/4/25,30.34
2008/4/28,30.42
2008/4/29,30.46
2008/4/30,30.47
2008/5/1,30.51
2008/5/2,30.49
2008/5/5,30.46
2008/5/6,30.44
2008/5/7,30.64
2008/5/8,30.85
2008/5/9,30.74
2008/5/12,30.79
2008/5/13,30.86
2008/5/14,30.99
2008/5/15,30.91
2008/5/16,30.6
2008/5/19,30.47
2008/5/20,30.54
2008/5/21,30.4
2008/5/22,30.36
2008/5/23,30.49
2008/5/26,30.49
2008/5/27,30.53
2008/5/28,30.49
2008/5/29,30.44
2008/5/30,30.37
2008/6/2,30.15
2008/6/3,30.37
2008/6/4,30.35
2008/6/5,30.38
2008/6/6,30.41
2008/6/9,30.32
2008/6/10,30.44
2008/6/11,30.34
2008/6/12,30.39
2008/6/13,30.44
2008/6/16,30.38
2008/6/17,30.33
2008/6/18,30.38
2008/6/19,30.39
2008/6/20,30.42
2008/6/23,30.44
2008/6/24,30.4
2008/6/25,30.33
2008/6/26,30.39
2008/6/27,30.37
2008/6/30,30.36
2008/7/1,30.37
2008/7/2,30.38
2008/7/3,30.43
2008/7/4,30.43
2008/7/7,30.38
2008/7/8,30.38
2008/7/9,30.4
2008/7/10,30.43
2008/7/11,30.38
2008/7/14,30.4
2008/7/15,30.38
2008/7/16,30.35
2008/7/17,30.35
2008/7/18,30.32
2008/7/21,30.34
2008/7/22,30.34
2008/7/23,30.39
2008/7/24,30.43
2008/7/25,30.45
2008/7/28,30.4
2008/7/29,30.48
2008/7/30,30.61
2008/7/31,30.72
2008/8/1,30.75
2008/8/4,30.7
2008/8/5,30.74
2008/8/6,30.74
2008/8/7,31.04
2008/8/8,31.25
2008/8/11,31.12
2008/8/12,31.13
2008/8/13,31.22
2008/8/14,31.25
2008/8/15,31.36
2008/8/18,31.31
2008/8/19,31.43
2008/8/20,31.4
2008/8/21,31.26
2008/8/22,31.36
2008/8/25,31.42
2008/8/26,31.54
2008/8/27,31.52
2008/8/28,31.54
2008/8/29,31.55
2008/9/1,31.55
2008/9/2,31.83
2008/9/3,31.79
2008/9/4,31.84
2008/9/5,31.86
2008/9/8,31.77
2008/9/9,31.86
2008/9/10,31.94
2008/9/11,32.12
2008/9/12,31.93
2008/9/15,32.07
2008/9/16,32.08
2008/9/17,32.09
2008/9/18,32.22
2008/9/19,32.16
2008/9/22,32.02
2008/9/23,31.91
2008/9/24,31.91
2008/9/25,32.04
2008/9/26,32.12
2008/9/29,32.05
2008/9/30,32.23
2008/10/1,32.14
2008/10/2,32.14
2008/10/3,32.15
2008/10/6,32.34
2008/10/7,32.37
2008/10/8,32.45
2008/10/9,32.44
2008/10/10,32.44
2008/10/13,32.44
2008/10/14,32.4
2008/10/15,32.38
2008/10/16,32.55
2008/10/17,32.57
2008/10/20,32.58
2008/10/21,32.8
2008/10/22,32.98
2008/10/23,33.43
2008/10/24,33.425
2008/10/27,33.5
2008/10/28,33.45
2008/10/29,33.2
2008/10/30,32.75
2008/10/31,32.97
2008/11/3,32.86
2008/11/4,32.86
2008/11/5,32.82
2008/11/6,32.8
2008/11/7,32.81
2008/11/10,32.77
2008/11/11,32.77
2008/11/12,32.95
2008/11/13,33.18
2008/11/14,33.05
2008/11/17,33.16
2008/11/18,33.23
2008/11/19,33.26
2008/11/20,33.42
2008/11/21,33.4
2008/11/24,33.4
2008/11/25,33.34
2008/11/26,33.25
2008/11/27,33.25
2008/11/28,33.29
2008/12/1,33.33
2008/12/2,33.41
2008/12/3,33.52
2008/12/4,33.52
2008/12/5,33.55
2008/12/8,33.47
2008/12/9,33.48
2008/12/10,33.45
2008/12/11,33.26
2008/12/12,33.26
2008/12/15,33.19
2008/12/16,33.02
2008/12/17,33.58
2008/12/18,32.45
2008/12/19,32.45
2008/12/22,32.94
2008/12/23,33.01
2008/12/24,33.03
2008/12/25,33.03
2008/12/26,32.99
2008/12/29,32.99
2008/12/30,32.76
2008/12/31,32.76
2009/1/1,32.76
2009/1/2,32.82
2009/1/5,33
2009/1/6,33.1
2009/1/7,33.03
2009/1/8,33.1
2009/1/9,33.14
2009/1/12,33.25
2009/1/13,33.23
2009/1/14,33.2
2009/1/15,33.36
2009/1/16,33.34
2009/1/19,33.34
2009/1/20,33.63
2009/1/21,33.58
2009/1/22,33.53
2009/1/23,33.68
2009/1/26,33.68
2009/1/27,33.68
2009/1/28,33.68
2009/1/29,33.66
2009/1/30,33.7
2009/2/2,33.7
2009/2/3,33.72
2009/2/4,33.66
2009/2/5,33.66
2009/2/6,33.61
2009/2/9,33.71
2009/2/10,33.95
2009/2/11,33.97
2009/2/12,34.02
2009/2/13,34.03
2009/2/16,34.03
2009/2/17,34.58
2009/2/18,34.63
2009/2/19,34.58
2009/2/20,34.8
2009/2/23,34.61
2009/2/24,34.73
2009/2/25,34.74
2009/2/26,34.84
2009/2/27,35
2009/3/2,35.21
2009/3/3,35.08
2009/3/4,35.05
2009/3/5,34.93
2009/3/6,34.66
2009/3/9,34.81
2009/3/10,34.58
2009/3/11,34.46
2009/3/12,34.48
2009/3/13,34.49
2009/3/16,34.4
2009/3/17,34.21
2009/3/18,34.18
2009/3/19,33.9
2009/3/20,33.75
2009/3/23,33.77
2009/3/24,33.77
2009/3/25,33.82
2009/3/26,33.75
2009/3/27,33.76
2009/3/30,33.76
2009/3/31,33.87
2009/4/1,33.82
2009/4/2,33.05
2009/4/3,33.16
2009/4/6,33.1
2009/4/7,33.6
2009/4/8,33.88
2009/4/9,33.74
2009/4/10,33.78
2009/4/13,33.68
2009/4/14,33.61
2009/4/15,33.78
2009/4/16,33.8
2009/4/17,32.99
2009/4/20,33.82
2009/4/21,33.85
2009/4/22,33.85
2009/4/23,33.81
2009/4/24,33.69
2009/4/27,33.72
2009/4/28,33.79
2009/4/29,33.64
2009/4/30,33.06
2009/5/1,33.14
2009/5/4,32.99
2009/5/5,33.02
2009/5/6,33.14
2009/5/7,33.11
2009/5/8,33.01
2009/5/11,32.93
2009/5/12,32.83
2009/5/13,32.91
2009/5/14,32.95
2009/5/15,32.92
2009/5/18,32.98
2009/5/19,32.85
2009/5/20,32.8
2009/5/21,32.71
2009/5/22,32.55
2009/5/25,32.55
2009/5/26,32.63
2009/5/27,32.72
2009/5/28,32.63
2009/5/29,32.57
2009/6/1,32.36
2009/6/2,32.37
2009/6/3,32.49
2009/6/4,32.58
2009/6/5,32.64
2009/6/8,32.87
2009/6/9,32.74
2009/6/10,32.68
2009/6/11,32.72
2009/6/12,32.79
2009/6/15,32.94
2009/6/16,32.87
2009/6/17,32.96
2009/6/18,32.88
2009/6/19,32.86
2009/6/22,32.89
2009/6/23,32.88
2009/6/24,32.85
2009/6/25,32.95
2009/6/26,32.95
2009/6/29,32.9
2009/6/30,32.77
2009/7/1,32.69
2009/7/2,32.9
2009/7/3,32.87
2009/7/6,32.98
2009/7/7,32.96
2009/7/8,33.01
2009/7/9,32.95
2009/7/10,33.04
2009/7/13,33.13
2009/7/14,33.078
2009/7/15,32.87
2009/7/16,32.87
2009/7/17,32.86
2009/7/20,32.75
2009/7/21,32.75
2009/7/22,32.82
2009/7/23,32.74
2009/7/24,32.81
2009/7/27,32.85
2009/7/28,32.725
2009/7/29,32.86
2009/7/30,32.8
2009/7/31,32.8
2009/8/3,32.8
2009/8/4,32.65
2009/8/5,32.71
2009/8/6,32.73
2009/8/7,32.75
2009/8/10,32.78
2009/8/11,32.91
2009/8/12,32.83
2009/8/13,32.876
2009/8/14,32.9
2009/8/17,32.98
2009/8/18,32.953
2009/8/19,33.02
2009/8/20,32.89
2009/8/21,32.84
2009/8/24,32.79
2009/8/25,32.916
2009/8/26,32.97
2009/8/27,32.9
2009/8/28,32.88
2009/8/31,32.91
2009/9/1,32.9
2009/9/2,32.86
2009/9/3,32.85
2009/9/4,32.89
2009/9/7,32.89
2009/9/8,32.65
2009/9/9,32.66
2009/9/10,32.68
2009/9/11,32.54
2009/9/14,32.61
2009/9/15,32.57
2009/9/16,32.43
2009/9/17,32.4
2009/9/18,32.4
2009/9/21,32.39
2009/9/22,32.32
2009/9/23,32.36
2009/9/24,32.39
2009/9/25,32.41
2009/9/28,32.4
2009/9/29,32.46
2009/9/30,32.03
2009/10/1,32.14
2009/10/2,32.28
2009/10/5,32.15
2009/10/6,32.1
2009/10/7,32.04
2009/10/8,32.08
2009/10/9,32.26
2009/10/12,32.26
2009/10/13,32.26
2009/10/14,32.22
2009/10/15,32.23
2009/10/16,32.25
2009/10/19,32.31
2009/10/20,32.27
2009/10/21,32.35
2009/10/22,32.4
2009/10/23,32.39
2009/10/26,32.39
2009/10/27,32.46
2009/10/28,32.44
2009/10/29,32.48
2009/10/30,32.61
2009/11/2,32.5
2009/11/3,32.58
2009/11/4,32.51
2009/11/5,32.47
2009/11/6,32.51
2009/11/9,32.3
2009/11/10,32.36
2009/11/11,32.36
2009/11/12,32.34
2009/11/13,32.18
2009/11/16,32.17
2009/11/17,32.13
2009/11/18,32.12
2009/11/19,32.37
2009/11/20,32.38
2009/11/23,32.22
2009/11/24,32.24
2009/11/25,32.25
2009/11/26,32.25
2009/11/27,32.23
2009/11/30,32.2
2009/12/1,32.13
2009/12/2,32.12
2009/12/3,32.1
2009/12/4,32.16
2009/12/7,32.3
2009/12/8,32.22
2009/12/9,32.25
2009/12/10,32.29
2009/12/11,32.17
2009/12/14,32.28
2009/12/15,32.31
2009/12/16,32.31
2009/12/17,32.32
2009/12/18,32.38
2009/12/21,32.35
2009/12/22,32.35
2009/12/23,32.36
2009/12/24,32.29
2009/12/25,32.29
2009/12/28,32.28
2009/12/29,32.32
2009/12/30,32.17
2009/12/31,31.95
2010/1/1,31.95
2010/1/4,31.65
2010/1/5,31.89
2010/1/6,31.83
2010/1/7,31.85
2010/1/8,31.82
2010/1/11,31.75
2010/1/12,31.8
2010/1/13,31.75
2010/1/14,31.75
2010/1/15,31.79
2010/1/18,31.79
2010/1/19,31.83
2010/1/20,31.97
2010/1/21,31.92
2010/1/22,31.98
2010/1/25,31.91
2010/1/26,32.04
2010/1/27,32.01
2010/1/28,31.97
2010/1/29,31.94
2010/2/1,32.04
2010/2/2,32.04
2010/2/3,31.98
2010/2/4,32.07
2010/2/5,32.1
2010/2/8,32.14
2010/2/9,32.05
2010/2/10,32.08
2010/2/11,32.05
2010/2/12,32.08
2010/2/15,32.08
2010/2/16,32.07
2010/2/17,31.99
2010/2/18,32.04
2010/2/19,32.08
2010/2/22,32.02
2010/2/23,32.08
2010/2/24,32.06
2010/2/25,32.09
2010/2/26,32.12
2010/3/1,32.04
2010/3/2,32.01
2010/3/3,31.95
2010/3/4,31.94
2010/3/5,31.91
2010/3/8,31.85
2010/3/9,31.8
2010/3/10,31.83
2010/3/11,31.75
2010/3/12,31.73
2010/3/15,31.83
2010/3/16,31.81
2010/3/17,31.7
2010/3/18,31.74
2010/3/19,31.73
2010/3/22,31.79
2010/3/23,31.82
2010/3/24,31.81
2010/3/25,31.83
2010/3/26,31.87
2010/3/29,31.82
2010/3/30,31.78
2010/3/31,31.73
2010/4/1,31.74
2010/4/2,31.74
2010/4/5,31.7
2010/4/6,31.67
2010/4/7,31.58
2010/4/8,31.6
2010/4/9,31.53
2010/4/12,31.52
2010/4/13,31.557
2010/4/14,31.38
2010/4/15,31.35
2010/4/16,31.35
2010/4/19,31.48
2010/4/20,31.39
2010/4/21,31.38
2010/4/22,31.42
2010/4/23,31.38
2010/4/26,31.31
2010/4/27,31.34
2010/4/28,31.46
2010/4/29,31.3
2010/4/30,31.31
2010/5/3,31.4
2010/5/4,31.42
2010/5/5,31.54
2010/5/6,31.67
2010/5/7,31.77
2010/5/10,31.56
2010/5/11,31.64
2010/5/12,31.66
2010/5/13,31.64
2010/5/14,31.78
2010/5/17,31.85
2010/5/18,31.83
2010/5/19,32.04
2010/5/20,32.1
2010/5/21,32.15
2010/5/24,32.1
2010/5/25,32.33
2010/5/26,32.18
2010/5/27,32.03
2010/5/28,32
2010/5/31,32
2010/6/1,32.33
2010/6/2,32.18
2010/6/3,32.16
2010/6/4,32.25
2010/6/7,32.42
2010/6/8,32.43
2010/6/9,32.4
2010/6/10,32.38
2010/6/11,32.4
2010/6/14,32.2
2010/6/15,32.28
2010/6/16,32.22
2010/6/17,32.22
2010/6/18,32.12
2010/6/21,31.74
2010/6/22,32.08
2010/6/23,31.988
2010/6/24,32.026
2010/6/25,32.07
2010/6/28,32.04
2010/6/29,32.17
2010/6/30,32.27
2010/7/1,32.19
2010/7/2,32.21
2010/7/5,32.21
2010/7/6,32.18
2010/7/7,32.16
2010/7/8,32.103
2010/7/9,32.05
2010/7/12,32.08
2010/7/13,32.13
2010/7/14,32.11
2010/7/15,32.11
2010/7/16,32.08
2010/7/19,32.14
2010/7/20,32.16
2010/7/21,32.14
2010/7/22,32.1
2010/7/23,32.09
2010/7/26,32.06
2010/7/27,31.98
2010/7/28,32
2010/7/29,31.94
2010/7/30,31.95
2010/8/2,31.76
2010/8/3,31.75
2010/8/4,31.79
2010/8/5,31.76
2010/8/6,31.7
2010/8/9,31.65
2010/8/10,31.75
2010/8/11,31.8
2010/8/12,31.92
2010/8/13,31.9
2010/8/16,31.92
2010/8/17,31.86
2010/8/18,31.85
2010/8/19,31.89
2010/8/20,31.92
2010/8/23,31.9
2010/8/24,31.98
2010/8/25,32.02
2010/8/26,32
2010/8/27,31.98
2010/8/30,32.02
2010/8/31,32.01
2010/9/1,31.99
2010/9/2,31.96
2010/9/3,31.87
2010/9/6,31.87
2010/9/7,31.94
2010/9/8,31.9
2010/9/9,31.84
2010/9/10,31.82
2010/9/13,31.68
2010/9/14,31.72
2010/9/15,31.72
2010/9/16,31.66
2010/9/17,31.65
2010/9/20,31.63
2010/9/21,31.58
2010/9/22,31.52
2010/9/23,31.54
2010/9/24,31.34
2010/9/27,31.35
2010/9/28,31.41
2010/9/29,31.15
2010/9/30,31.19
2010/10/1,31.3
2010/10/4,31.24
2010/10/5,31.06
2010/10/6,30.86
2010/10/7,30.74
2010/10/8,30.84
2010/10/11,30.84
2010/10/12,30.98
2010/10/13,30.84
2010/10/14,30.66
2010/10/15,30.66
2010/10/18,30.75
2010/10/19,30.89
2010/10/20,30.83
2010/10/21,30.74
2010/10/22,30.83
2010/10/25,30.42
2010/10/26,30.65
2010/10/27,30.74
2010/10/28,30.63
2010/10/29,30.6
2010/11/1,30.5
2010/11/2,30.45
2010/11/3,30.42
2010/11/4,30.17
2010/11/5,30.19
2010/11/8,30.18
2010/11/9,30.14
2010/11/10,30.12
2010/11/11,30.12
2010/11/12,30.22
2010/11/15,30.19
2010/11/16,30.25
2010/11/17,30.44
2010/11/18,30.27
2010/11/19,30.27
2010/11/22,30.15
2010/11/23,30.51
2010/11/24,30.44
2010/11/25,30.44
2010/11/26,30.46
2010/11/29,30.52
2010/11/30,30.47
2010/12/1,30.37
2010/12/2,30.34
2010/12/3,30.22
2010/12/6,30.14
2010/12/7,30.08
2010/12/8,30.16
2010/12/9,30.16
2010/12/10,30.17
2010/12/13,30.01
2010/12/14,29.89
2010/12/15,29.87
2010/12/16,29.85
2010/12/17,29.9
2010/12/20,29.92
2010/12/21,29.85
2010/12/22,29.82
2010/12/23,29.82
2010/12/24,29.82
2010/12/27,29.48
2010/12/28,29.46
2010/12/29,29.28
2010/12/30,29.14
2010/12/31,29.14
2011/1/3,29.08
2011/1/4,29.17
2011/1/5,29.17
2011/1/6,29.26
2011/1/7,29.36
2011/1/10,29.26
2011/1/11,29.13
2011/1/12,29.18
2011/1/13,28.98
2011/1/14,29.02
2011/1/17,29.02
2011/1/18,29.02
2011/1/19,29.02
2011/1/20,29.24
2011/1/21,29.08
2011/1/24,29.05
2011/1/25,29.02
2011/1/26,29.06
2011/1/27,29.03
2011/1/28,29.05
2011/1/31,29.03
2011/2/1,29.02
2011/2/2,29.02
2011/2/3,29.03
2011/2/4,29.03
2011/2/7,29.03
2011/2/8,28.9
2011/2/9,28.78
2011/2/10,28.93
2011/2/11,29.17
2011/2/14,29.35
2011/2/15,29.43
2011/2/16,29.43
2011/2/17,29.42
2011/2/18,29.4
2011/2/21,29.4
2011/2/22,29.53
2011/2/23,29.57
2011/2/24,29.76
2011/2/25,29.74
2011/2/28,29.74
2011/3/1,29.54
2011/3/2,29.63
2011/3/3,29.47
2011/3/4,29.36
2011/3/7,29.35
2011/3/8,29.42
2011/3/9,29.35
2011/3/10,29.46
2011/3/11,29.56
2011/3/14,29.48
2011/3/15,29.54
2011/3/16,29.53
2011/3/17,29.55
2011/3/18,29.59
2011/3/21,29.56
2011/3/22,29.56
2011/3/23,29.57
2011/3/24,29.57
2011/3/25,29.43
2011/3/28,29.48
2011/3/29,29.47
2011/3/30,29.47
2011/3/31,29.4
2011/4/1,29.25
2011/4/4,29.24
2011/4/5,29.31
2011/4/6,28.99
2011/4/7,28.94
2011/4/8,28.92
2011/4/11,28.98
2011/4/12,29.08
2011/4/13,29
2011/4/14,29
2011/4/15,29.04
2011/4/18,29.08
2011/4/19,29.07
2011/4/20,29
2011/4/21,28.85
2011/4/22,28.88
2011/4/25,28.89
2011/4/26,28.9
2011/4/27,28.86
2011/4/28,28.68
2011/4/29,28.67
2011/5/2,28.67
2011/5/3,28.56
2011/5/4,28.56
2011/5/5,28.62
2011/5/6,28.6
2011/5/9,28.61
2011/5/10,28.59
2011/5/11,28.5
2011/5/12,28.58
2011/5/13,28.64
2011/5/16,28.8
2011/5/17,28.84
2011/5/18,28.84
2011/5/19,28.82
2011/5/20,28.81
2011/5/23,28.9
2011/5/24,28.92
2011/5/25,28.99
2011/5/26,28.89
2011/5/27,28.87
2011/5/30,28.87
2011/5/31,28.64
2011/6/1,28.58
2011/6/2,28.77
2011/6/3,28.66
2011/6/6,28.62
2011/6/7,28.72
2011/6/8,28.71
2011/6/9,28.71
2011/6/10,28.78
2011/6/13,28.82
2011/6/14,28.84
2011/6/15,28.82
2011/6/16,28.92
2011/6/17,28.99
2011/6/20,28.95
2011/6/21,28.86
2011/6/22,28.84
2011/6/23,28.86
2011/6/24,28.88
2011/6/27,28.94
2011/6/28,28.9
2011/6/29,28.9
2011/6/30,28.79
2011/7/1,28.75
2011/7/4,28.75
2011/7/5,28.77
2011/7/6,28.83
2011/7/7,28.81
2011/7/8,28.75
2011/7/11,28.82
2011/7/12,28.91
2011/7/13,28.87
2011/7/14,28.81
2011/7/15,28.87
2011/7/18,28.93
2011/7/19,28.88
2011/7/20,28.86
2011/7/21,28.88
2011/7/22,28.81
2011/7/25,28.85
2011/7/26,28.82
2011/7/27,28.77
2011/7/28,28.83
2011/7/29,28.88
2011/8/1,28.8
2011/8/2,28.86
2011/8/3,28.92
2011/8/4,28.94
2011/8/5,29.01
2011/8/8,28.98
2011/8/9,29.02
2011/8/10,28.95
2011/8/11,28.98
2011/8/12,28.97
2011/8/15,28.94
2011/8/16,28.92
2011/8/17,28.95
2011/8/18,28.97
2011/8/19,29
2011/8/22,29.01
2011/8/23,28.96
2011/8/24,29.01
2011/8/25,29
2011/8/26,29.03
2011/8/29,29.02
2011/8/30,29.02
2011/8/31,28.99
2011/9/1,28.93
2011/9/2,29
2011/9/5,29
2011/9/6,29.1
2011/9/7,29.1
2011/9/8,29.14
2011/9/9,29.2
2011/9/12,29.28
2011/9/13,29.47
2011/9/14,29.57
2011/9/15,29.62
2011/9/16,29.54
2011/9/19,29.73
2011/9/20,29.88
2011/9/21,29.94
2011/9/22,30.4
2011/9/23,30.38
2011/9/26,30.48
2011/9/27,30.46
2011/9/28,30.41
2011/9/29,30.45
2011/9/30,30.45
2011/10/3,30.62
2011/10/4,30.67
2011/10/5,30.62
2011/10/6,30.6
2011/10/7,30.47
2011/10/10,30.47
2011/10/11,30.32
2011/10/12,30.35
2011/10/13,30.26
2011/10/14,30.28
2011/10/17,30.11
2011/10/18,30.16
2011/10/19,30.12
2011/10/20,30.25
2011/10/21,30.27
2011/10/24,30.06
2011/10/25,30.11
2011/10/26,30.1
2011/10/27,30.04
2011/10/28,29.86
2011/10/31,29.91
2011/11/1,30.07
2011/11/2,30.08
2011/11/3,30.2
2011/11/4,30.02
2011/11/7,30.12
2011/11/8,30.1
2011/11/9,30.05
2011/11/10,30.23
2011/11/11,30.23
2011/11/14,30.17
2011/11/15,30.24
2011/11/16,30.21
2011/11/17,30.19
2011/11/18,30.24
2011/11/21,30.33
2011/11/22,30.3
2011/11/23,30.39
2011/11/24,30.39
2011/11/25,30.43
2011/11/28,30.37
2011/11/29,30.38
2011/11/30,30.31
2011/12/1,30.1
2011/12/2,30.14
2011/12/5,30.13
2011/12/6,30.22
2011/12/7,30.15
2011/12/8,30.16
2011/12/9,30.21
2011/12/12,30.2
2011/12/13,30.24
2011/12/14,30.32
2011/12/15,30.36
2011/12/16,30.35
2011/12/19,30.38
2011/12/20,30.33
2011/12/21,30.28
2011/12/22,30.25
2011/12/23,30.27
2011/12/26,30.27
2011/12/27,30.3
2011/12/28,30.35
2011/12/29,30.25
2011/12/30,30.27
2012/1/2,30.27
2012/1/3,30.28
2012/1/4,30.27
2012/1/5,30.24
2012/1/6,30.23
2012/1/9,30.17
2012/1/10,30.03
2012/1/11,29.96
2012/1/12,29.96
2012/1/13,29.98
2012/1/16,29.98
2012/1/17,29.95
2012/1/18,29.96
2012/1/19,29.95
2012/1/20,29.95
2012/1/23,29.95
2012/1/24,29.87
2012/1/25,29.95
2012/1/26,29.96
2012/1/27,29.75
2012/1/30,29.78
2012/1/31,29.61
2012/2/1,29.649
2012/2/2,29.47
2012/2/3,29.47
2012/2/6,29.6
2012/2/7,29.53
2012/2/8,29.51
2012/2/9,29.46
2012/2/10,29.56
2012/2/13,29.47
2012/2/14,29.56
2012/2/15,29.51
2012/2/16,29.55
2012/2/17,29.56
2012/2/20,29.56
2012/2/21,29.58
2012/2/22,29.59
2012/2/23,29.58
2012/2/24,29.53
2012/2/27,29.57
2012/2/28,29.56
2012/2/29,29.37
2012/3/1,29.37
2012/3/2,29.43
2012/3/5,29.48
2012/3/6,29.518
2012/3/7,29.52
2012/3/8,29.47
2012/3/9,29.41
2012/3/12,29.55
2012/3/13,29.51
2012/3/14,29.54
2012/3/15,29.53
2012/3/16,29.54
2012/3/19,29.49
2012/3/20,29.56
2012/3/21,29.55
2012/3/22,29.54
2012/3/23,29.56
2012/3/26,29.61
2012/3/27,29.55
2012/3/28,29.54
2012/3/29,29.58
2012/3/30,29.5
2012/4/2,29.49
2012/4/3,29.46
2012/4/4,29.52
2012/4/5,29.5
2012/4/6,29.5
2012/4/9,29.55
2012/4/10,29.54
2012/4/11,29.5
2012/4/12,29.45
2012/4/13,29.48
2012/4/16,29.49
2012/4/17,29.48
2012/4/18,29.49
2012/4/19,29.49
2012/4/20,29.45
2012/4/23,29.48
2012/4/24,29.45
2012/4/25,29.41
2012/4/26,29.23
2012/4/27,29.2
2012/4/30,29.15
2012/5/1,29.11
2012/5/2,29.18
2012/5/3,29.23
2012/5/4,29.24
2012/5/7,29.35
2012/5/8,29.32
2012/5/9,29.35
2012/5/10,29.32
2012/5/11,29.36
2012/5/14,29.55
2012/5/15,29.55
2012/5/16,29.63
2012/5/17,29.56
2012/5/18,29.56
2012/5/21,29.47
2012/5/22,29.49
2012/5/23,29.59
2012/5/24,29.55
2012/5/25,29.6
2012/5/28,29.6
2012/5/29,29.62
2012/5/30,29.77
2012/5/31,29.87
2012/6/1,29.93
2012/6/4,30.02
2012/6/5,29.93
2012/6/6,29.86
2012/6/7,29.78
2012/6/8,29.94
2012/6/11,29.91
2012/6/12,29.94
2012/6/13,29.92
2012/6/14,29.93
2012/6/15,29.89
2012/6/18,29.93
2012/6/19,29.85
2012/6/20,29.84
2012/6/21,29.83
2012/6/22,29.91
2012/6/25,29.97
2012/6/26,29.97
2012/6/27,29.92
2012/6/28,29.94
2012/6/29,29.8
2012/7/2,29.9
2012/7/3,29.81
2012/7/4,29.81
2012/7/5,29.85
2012/7/6,29.93
2012/7/9,29.95
2012/7/10,29.93
2012/7/11,29.92
2012/7/12,30.04
2012/7/13,29.93
2012/7/16,29.96
2012/7/17,29.95
2012/7/18,29.98
2012/7/19,29.94
2012/7/20,29.97
2012/7/23,30.11
2012/7/24,30.12
2012/7/25,30.13
2012/7/26,30.08
2012/7/27,30.02
2012/7/30,30
2012/7/31,29.91
2012/8/1,29.95
2012/8/2,30.03
2012/8/3,29.92
2012/8/6,29.9
2012/8/7,29.9
2012/8/8,29.97
2012/8/9,29.92
2012/8/10,29.93
2012/8/13,29.97
2012/8/14,29.95
2012/8/15,29.98
2012/8/16,29.97
2012/8/17,29.99
2012/8/20,29.98
2012/8/21,29.91
2012/8/22,29.94
2012/8/23,29.96
2012/8/24,29.94
2012/8/27,29.94
2012/8/28,29.91
2012/8/29,29.92
2012/8/30,29.93
2012/8/31,29.87
2012/9/3,29.87
2012/9/4,29.82
2012/9/5,29.83
2012/9/6,29.76
2012/9/7,29.68
2012/9/10,29.63
2012/9/11,29.59
2012/9/12,29.58
2012/9/13,29.58
2012/9/14,29.31
2012/9/17,29.27
2012/9/18,29.35
2012/9/19,29.34
2012/9/20,29.32
2012/9/21,29.27
2012/9/24,29.34
2012/9/25,29.32
2012/9/26,29.41
2012/9/27,29.36
2012/9/28,29.29
2012/10/1,29.27
2012/10/2,29.27
2012/10/3,29.29
2012/10/4,29.28
2012/10/5,29.18
2012/10/8,29.18
2012/10/9,29.31
2012/10/10,29.3
2012/10/11,29.23
2012/10/12,29.19
2012/10/15,29.21
2012/10/16,29.17
2012/10/17,29.15
2012/10/18,29.22
2012/10/19,29.26
2012/10/22,29.22
2012/10/23,29.31
2012/10/24,29.28
2012/10/25,29.22
2012/10/26,29.26
2012/10/29,29.28
2012/10/30,29.22
2012/10/31,29.2
2012/11/1,29.2
2012/11/2,29.23
2012/11/5,29.26
2012/11/6,29.24
2012/11/7,29.14
2012/11/8,29.1
2012/11/9,29.02
2012/11/12,29.02
2012/11/13,28.99
2012/11/14,28.96
2012/11/15,29.03
2012/11/16,29.16
2012/11/19,29.11
2012/11/20,29.1
2012/11/21,29.12
2012/11/22,29.12
2012/11/23,29.12
2012/11/26,29.09
2012/11/27,29.12
2012/11/28,29.15
2012/11/29,29.08
2012/11/30,29.07
2012/12/3,29.07
2012/12/4,29.1
2012/12/5,29.07
2012/12/6,29.06
2012/12/7,29.05
2012/12/10,29.07
2012/12/11,29.04
2012/12/12,29.04
2012/12/13,29.06
2012/12/14,29.04
2012/12/17,29.03
2012/12/18,29.02
2012/12/19,29
2012/12/20,29.03
2012/12/21,29.05
2012/12/24,29.05
2012/12/25,29.05
2012/12/26,29
2012/12/27,29.03
2012/12/28,29.03
2012/12/31,29.05
2013/1/1,29.05
2013/1/2,29
2013/1/3,28.99
2013/1/4,29.02
2013/1/7,28.99
2013/1/8,29.03
2013/1/9,29
2013/1/10,28.93
2013/1/11,28.93
2013/1/14,28.95
2013/1/15,28.95
2013/1/16,28.98
2013/1/17,28.96
2013/1/18,28.97
2013/1/21,28.97
2013/1/22,28.98
2013/1/23,29
2013/1/24,29.07
2013/1/25,29.32
2013/1/28,29.51
2013/1/29,29.45
2013/1/30,29.53
2013/1/31,29.54
2013/2/1,29.59
2013/2/4,29.6
2013/2/5,29.52
2013/2/6,29.59
2013/2/7,29.61
2013/2/8,29.7
2013/2/11,29.73
2013/2/12,29.71
2013/2/13,29.7
2013/2/14,29.62
2013/2/15,29.61
2013/2/18,29.61
2013/2/19,29.52
2013/2/20,29.55
2013/2/21,29.66
2013/2/22,29.64
2013/2/25,29.65
2013/2/26,29.68
2013/2/27,29.66
2013/2/28,29.67
2013/3/1,29.66
2013/3/4,29.7
2013/3/5,29.63
2013/3/6,29.64
2013/3/7,29.63
2013/3/8,29.68
2013/3/11,29.69
2013/3/12,29.67
2013/3/13,29.7
2013/3/14,29.72
2013/3/15,29.72
2013/3/18,29.75
2013/3/19,29.76
2013/3/20,29.77
2013/3/21,29.8
2013/3/22,29.87
2013/3/25,29.86
2013/3/26,29.83
2013/3/27,29.88
2013/3/28,29.87
2013/3/29,29.81
2013/4/1,29.86
2013/4/2,29.87
2013/4/3,29.86
2013/4/4,29.93
2013/4/5,29.95
2013/4/8,30.06
2013/4/9,30.01
2013/4/10,29.96
2013/4/11,29.91
2013/4/12,29.95
2013/4/15,29.9
2013/4/16,29.85
2013/4/17,29.88
2013/4/18,29.86
2013/4/19,29.77
2013/4/22,29.81
2013/4/23,29.79
2013/4/24,29.76
2013/4/25,29.64
2013/4/26,29.59
2013/4/29,29.46
2013/4/30,29.52
2013/5/1,29.5
2013/5/2,29.55
2013/5/3,29.53
2013/5/6,29.56
2013/5/7,29.52
2013/5/8,29.31
2013/5/9,29.42
2013/5/10,29.7
2013/5/13,29.87
2013/5/14,29.88
2013/5/15,29.96
2013/5/16,29.96
2013/5/17,30.01
2013/5/20,29.9
2013/5/21,29.82
2013/5/22,29.92
2013/5/23,29.9
2013/5/24,29.92
2013/5/27,29.92
2013/5/28,29.98
2013/5/29,29.96
2013/5/30,29.96
2013/5/31,29.93
2013/6/3,29.91
2013/6/4,29.89
2013/6/5,29.81
2013/6/6,29.76
2013/6/7,29.74
2013/6/10,29.91
2013/6/11,29.85
2013/6/12,29.87
2013/6/13,29.87
2013/6/14,29.84
2013/6/17,29.85
2013/6/18,29.88
2013/6/19,29.78
2013/6/20,30.16
2013/6/21,30.15
2013/6/24,30.2
2013/6/25,30.05
2013/6/26,30.09
2013/6/27,30
2013/6/28,29.96
2013/7/1,29.96
2013/7/2,30
2013/7/3,30.06
2013/7/4,30.06
2013/7/5,30.12
2013/7/8,30.08
2013/7/9,30.09
2013/7/10,29.96
2013/7/11,29.87
2013/7/12,29.87
2013/7/15,29.82
2013/7/16,29.76
2013/7/17,29.79
2013/7/18,29.93
2013/7/19,29.88
2013/7/22,29.87
2013/7/23,29.91
2013/7/24,29.91
2013/7/25,29.94
2013/7/26,29.9
2013/7/29,29.92
2013/7/30,29.95
2013/7/31,30.03
2013/8/1,30.04
2013/8/2,29.97
2013/8/5,29.92
2013/8/6,29.91
2013/8/7,29.95
2013/8/8,29.87
2013/8/9,29.91
2013/8/12,29.95
2013/8/13,29.98
2013/8/14,29.97
2013/8/15,29.98
2013/8/16,29.88
2013/8/19,29.96
2013/8/20,29.9
2013/8/21,29.94
2013/8/22,29.95
2013/8/23,29.89
2013/8/26,29.95
2013/8/27,29.99
2013/8/28,29.94
2013/8/29,29.93
2013/8/30,29.93
2013/9/2,29.93
2013/9/3,29.78
2013/9/4,29.69
2013/9/5,29.81
2013/9/6,29.72
2013/9/9,29.63
2013/9/10,29.62
2013/9/11,29.64
2013/9/12,29.66
2013/9/13,29.68
2013/9/16,29.58
2013/9/17,29.62
2013/9/18,29.62
2013/9/19,29.51
2013/9/20,29.56
2013/9/23,29.55
2013/9/24,29.57
2013/9/25,29.55
2013/9/26,29.56
2013/9/27,29.54
2013/9/30,29.56
2013/10/1,29.49
2013/10/2,29.44
2013/10/3,29.32
2013/10/4,29.32
2013/10/7,29.34
2013/10/8,29.35
2013/10/9,29.38
2013/10/10,29.37
2013/10/11,29.33
2013/10/14,29.33
2013/10/15,29.34
2013/10/16,29.4
2013/10/17,29.35
2013/10/18,29.36
2013/10/21,29.43
2013/10/22,29.33
2013/10/23,29.41
2013/10/24,29.37
2013/10/25,29.38
2013/10/28,29.39
2013/10/29,29.39
2013/10/30,29.38
2013/10/31,29.42
2013/11/1,29.41
2013/11/4,29.37
2013/11/5,29.42
2013/11/6,29.4
2013/11/7,29.45
2013/11/8,29.51
2013/11/11,29.51
2013/11/12,29.58
2013/11/13,29.6
2013/11/14,29.56
2013/11/15,29.55
2013/11/18,29.47
2013/11/19,29.43
2013/11/20,29.5
2013/11/21,29.57
2013/11/22,29.58
2013/11/25,29.6
2013/11/26,29.6
2013/11/27,29.65
2013/11/28,29.65
2013/11/29,29.59
2013/12/2,29.59
2013/12/3,29.55
2013/12/4,29.57
2013/12/5,29.61
2013/12/6,29.57
2013/12/9,29.53
2013/12/10,29.54
2013/12/11,29.59
2013/12/12,29.62
2013/12/13,29.62
2013/12/16,29.63
2013/12/17,29.62
2013/12/18,29.68
2013/12/19,29.93
2013/12/20,29.88
2013/12/23,29.96
2013/12/24,30.03
2013/12/25,30.03
2013/12/26,29.99
2013/12/27,29.98
2013/12/30,29.87
2013/12/31,29.83
2014/1/1,29.83
2014/1/2,29.9
2014/1/3,29.94
2014/1/6,30.04
2014/1/7,30.11
2014/1/8,30.1
2014/1/9,30.04
2014/1/10,29.99
2014/1/13,29.98
2014/1/14,30.03
2014/1/15,30.12
2014/1/16,30.07
2014/1/17,30.11
2014/1/20,30.11
2014/1/21,30.22
2014/1/22,30.23
2014/1/23,30.2
2014/1/24,30.23
2014/1/27,30.31
2014/1/28,30.31
2014/1/29,30.31
2014/1/30,30.3
2014/1/31,30.31
2014/2/3,30.33
2014/2/4,30.29
2014/2/5,30.34
2014/2/6,30.28
2014/2/7,30.29
2014/2/10,30.32
2014/2/11,30.29
2014/2/12,30.27
2014/2/13,30.32
2014/2/14,30.25
2014/2/17,30.25
2014/2/18,30.28
2014/2/19,30.29
2014/2/20,30.37
2014/2/21,30.35
2014/2/24,30.35
2014/2/25,30.33
2014/2/26,30.29
2014/2/27,30.29
2014/2/28,30.29
2014/3/3,30.31
2014/3/4,30.28
2014/3/5,30.26
2014/3/6,30.25
2014/3/7,30.24
2014/3/10,30.31
2014/3/11,30.31
2014/3/12,30.32
2014/3/13,30.32
2014/3/14,30.34
2014/3/17,30.31
2014/3/18,30.44
2014/3/19,30.45
2014/3/20,30.65
2014/3/21,30.56
2014/3/24,30.57
2014/3/25,30.52
2014/3/26,30.52
2014/3/27,30.52
2014/3/28,30.46
2014/3/31,30.45
2014/4/1,30.28
2014/4/2,30.29
2014/4/3,30.28
2014/4/4,30.2
2014/4/7,30.23
2014/4/8,30.11
2014/4/9,30.04
2014/4/10,29.99
2014/4/11,30.08
2014/4/14,30.18
2014/4/15,30.2
2014/4/16,30.13
2014/4/17,30.14
2014/4/18,30.17
2014/4/21,30.23
2014/4/22,30.3
2014/4/23,30.31
2014/4/24,30.28
2014/4/25,30.29
2014/4/28,30.22
2014/4/29,30.13
2014/4/30,30.16
2014/5/1,30.17
2014/5/2,30.17
2014/5/5,30.09
2014/5/6,30.07
2014/5/7,30.09
2014/5/8,30.08
2014/5/9,30.12
2014/5/12,30.15
2014/5/13,30.2
2014/5/14,30.15
2014/5/15,30.17
2014/5/16,30.13
2014/5/19,30.14
2014/5/20,30.16
2014/5/21,30.17
2014/5/22,30.12
2014/5/23,30.09
2014/5/26,30.09
2014/5/27,30.11
2014/5/28,30.09
2014/5/29,29.97
2014/5/30,30.01
2014/6/2,30.07
2014/6/3,30.08
2014/6/4,30.05
2014/6/5,30.03
2014/6/6,29.99
2014/6/9,30
2014/6/10,29.99
2014/6/11,29.99
2014/6/12,29.97
2014/6/13,30
2014/6/16,30.01
2014/6/17,30.07
2014/6/18,30
2014/6/19,29.99
2014/6/20,30.01
2014/6/23,29.99
2014/6/24,29.94
2014/6/25,29.96
2014/6/26,29.91
2014/6/27,29.87
2014/6/30,29.87
2014/7/1,29.88
2014/7/2,29.87
2014/7/3,29.85
2014/7/4,29.85
2014/7/7,29.91
2014/7/8,29.91
2014/7/9,29.88
2014/7/10,29.93
2014/7/11,29.94
2014/7/14,29.94
2014/7/15,30.02
2014/7/16,29.99
2014/7/17,30
2014/7/18,30
2014/7/21,29.97
2014/7/22,29.98
2014/7/23,29.94
2014/7/24,29.95
2014/7/25,29.96
2014/7/28,29.96
2014/7/29,29.95
2014/7/30,29.99
2014/7/31,30.06
2014/8/1,30
2014/8/4,29.99
2014/8/5,30
2014/8/6,30.01
2014/8/7,30.02
2014/8/8,29.99
2014/8/11,30.02
2014/8/12,30.02
2014/8/13,30
2014/8/14,29.96
2014/8/15,29.95
2014/8/18,29.98
2014/8/19,29.99
2014/8/20,29.98
2014/8/21,29.99
2014/8/22,29.97
2014/8/25,29.96
2014/8/26,29.96
2014/8/27,29.87
2014/8/28,29.89
2014/8/29,29.88
2014/9/1,29.88
2014/9/2,29.94
2014/9/3,29.89
2014/9/4,29.91
2014/9/5,29.9
2014/9/8,29.93
2014/9/9,29.97
2014/9/10,30
2014/9/11,30.02
2014/9/12,30.04
2014/9/15,30.14
2014/9/16,30.13
2014/9/17,30.16
2014/9/18,30.23
2014/9/19,30.21
2014/9/22,30.27
2014/9/23,30.22
2014/9/24,30.22
2014/9/25,30.32
2014/9/26,30.34
2014/9/29,30.47
2014/9/30,30.44
2014/10/1,30.43
2014/10/2,30.43
2014/10/3,30.49
2014/10/6,30.42
2014/10/7,30.38
2014/10/8,30.43
2014/10/9,30.37
2014/10/10,30.38
2014/10/13,30.38
2014/10/14,30.45
2014/10/15,30.35
2014/10/16,30.38
2014/10/17,30.38
2014/10/20,30.36
2014/10/21,30.38
2014/10/22,30.39
2014/10/23,30.42
2014/10/24,30.39
2014/10/27,30.38
2014/10/28,30.36
2014/10/29,30.31
2014/10/30,30.39
2014/10/31,30.45
2014/11/3,30.48
2014/11/4,30.51
2014/11/5,30.59
2014/11/6,30.56
2014/11/7,30.58
2014/11/10,30.55
2014/11/11,30.55
2014/11/12,30.58
2014/11/13,30.61
2014/11/14,30.76
2014/11/17,30.7
2014/11/18,30.73
2014/11/19,30.9
2014/11/20,30.89
2014/11/21,30.89
2014/11/24,30.97
2014/11/25,30.93
2014/11/26,30.88
2014/11/27,30.88
2014/11/28,30.99
2014/12/1,31.03
2014/12/2,31.1
2014/12/3,31.11
2014/12/4,31.09
2014/12/5,31.22
2014/12/8,31.12
2014/12/9,31.12
2014/12/10,31.2
2014/12/11,31.21
2014/12/12,31.32
2014/12/15,31.27
2014/12/16,31.25
2014/12/17,31.32
2014/12/18,31.43
2014/12/19,31.5
2014/12/22,31.56
2014/12/23,31.75
2014/12/24,31.8
2014/12/25,31.8
2014/12/26,31.8
2014/12/29,31.75
2014/12/30,31.64
2014/12/31,31.6
2015/1/1,31.6
2015/1/2,31.74
2015/1/5,32
2015/1/6,31.98
2015/1/7,31.99
2015/1/8,31.99
2015/1/9,31.89
2015/1/12,31.88
2015/1/13,31.84
2015/1/14,31.78
2015/1/15,31.65
2015/1/16,31.46
2015/1/19,31.46
2015/1/20,31.66
2015/1/21,31.47
2015/1/22,31.35
2015/1/23,31.23
2015/1/26,31.31
2015/1/27,31.06
2015/1/28,31.18
2015/1/29,31.56
2015/1/30,31.75
2015/2/2,31.62
2015/2/3,31.5
2015/2/4,31.46
2015/2/5,31.49
2015/2/6,31.58
2015/2/9,31.59
2015/2/10,31.56
2015/2/11,31.62
2015/2/12,31.31
2015/2/13,31.34
2015/2/16,31.34
2015/2/17,31.6
2015/2/18,31.67
2015/2/19,31.74
2015/2/20,31.76
2015/2/23,31.75
2015/2/24,31.65
2015/2/25,31.43
2015/2/26,31.41
2015/2/27,31.44
2015/3/2,31.4
2015/3/3,31.35
2015/3/4,31.42
2015/3/5,31.44
2015/3/6,31.59
2015/3/9,31.52
2015/3/10,31.66
2015/3/11,31.71
2015/3/12,31.58
2015/3/13,31.71
2015/3/16,31.63
2015/3/17,31.58
2015/3/18,31.48
2015/3/19,31.48
2015/3/20,31.41
2015/3/23,31.28
2015/3/24,31.24
2015/3/25,31.24
2015/3/26,31.21
2015/3/27,31.19
2015/3/30,31.28
2015/3/31,31.24
2015/4/1,31.24
2015/4/2,31.05
2015/4/3,30.87
2015/4/6,30.88
2015/4/7,31.06
2015/4/8,31.08
2015/4/9,31.24
2015/4/10,31.23
2015/4/13,31.33
2015/4/14,31.21
2015/4/15,31.23
2015/4/16,31.1
2015/4/17,31.05
2015/4/20,31.07
2015/4/21,31.08
2015/4/22,31.06
2015/4/23,31.03
2015/4/24,30.68
2015/4/27,30.44
2015/4/28,30.42
2015/4/29,30.37
2015/4/30,30.64
2015/5/1,30.7
2015/5/4,30.71
2015/5/5,30.63
2015/5/6,30.6
2015/5/7,30.78
2015/5/8,30.68
2015/5/11,30.79
2015/5/12,30.73
2015/5/13,30.64
2015/5/14,30.55
2015/5/15,30.42
2015/5/18,30.47
2015/5/19,30.5
2015/5/20,30.54
2015/5/21,30.43
2015/5/22,30.43
2015/5/25,30.43
2015/5/26,30.65
2015/5/27,30.66
2015/5/28,30.65
2015/5/29,30.81
2015/6/1,30.87
2015/6/2,30.82
2015/6/3,30.76
2015/6/4,30.9
2015/6/5,31.05
2015/6/8,31.13
2015/6/9,31.09
2015/6/10,30.86
2015/6/11,30.94
2015/6/12,30.93
2015/6/15,30.91
2015/6/16,30.88
2015/6/17,30.97
2015/6/18,30.68
2015/6/19,30.7
2015/6/22,30.72
2015/6/23,30.87
2015/6/24,30.98
2015/6/25,30.93
2015/6/26,31.01
2015/6/29,30.88
2015/6/30,30.88
2015/7/1,30.93
2015/7/2,30.84
2015/7/3,30.84
2015/7/6,30.91
2015/7/7,31.08
2015/7/8,31.01
2015/7/9,31.04
2015/7/10,31.03
2015/7/13,31.06
2015/7/14,31.03
2015/7/15,31.08
2015/7/16,31.07
2015/7/17,31.11
2015/7/20,31.24
2015/7/21,31.17
2015/7/22,31.23
2015/7/23,31.26
2015/7/24,31.5
2015/7/27,31.59
2015/7/28,31.42
2015/7/29,31.42
2015/7/30,31.59
2015/7/31,31.59
2015/8/3,31.7
2015/8/4,31.63
2015/8/5,31.7
2015/8/6,31.64
2015/8/7,31.65
2015/8/10,31.63
2015/8/11,32.16
2015/8/12,32.12
2015/8/13,32.17
2015/8/14,32.15
2015/8/17,32.42
2015/8/18,32.46
2015/8/19,32.49
2015/8/20,32.57
2015/8/21,32.63
2015/8/24,33
2015/8/25,32.53
2015/8/26,32.48
2015/8/27,32.16
2015/8/28,32.24
2015/8/31,32.49
2015/9/1,32.42
2015/9/2,32.47
2015/9/3,32.49
2015/9/4,32.65
2015/9/7,32.65
2015/9/8,32.64
2015/9/9,32.46
2015/9/10,32.37
2015/9/11,32.53
2015/9/14,32.5
2015/9/15,32.48
2015/9/16,32.43
2015/9/17,32.4
2015/9/18,32.31
2015/9/21,32.63
2015/9/22,32.92
2015/9/23,32.96
2015/9/24,33.16
2015/9/25,33.07
2015/9/28,33.17
2015/9/29,33.02
2015/9/30,32.98
2015/10/1,32.81
2015/10/2,32.79
2015/10/5,32.47
2015/10/6,32.55
2015/10/7,32.4
2015/10/8,32.48
2015/10/9,32.3
2015/10/12,32.3
2015/10/13,32.51
2015/10/14,32.42
2015/10/15,31.92
2015/10/16,32.21
2015/10/19,32.38
2015/10/20,32.32
2015/10/21,32.5
2015/10/22,32.43
2015/10/23,32.49
2015/10/26,32.34
2015/10/27,32.42
2015/10/28,32.45
2015/10/29,32.52
2015/10/30,32.46
2015/11/2,32.46
2015/11/3,32.46
2015/11/4,32.43
2015/11/5,32.46
2015/11/6,32.46
2015/11/9,32.79
2015/11/10,32.77
2015/11/11,32.77
2015/11/12,32.72
2015/11/13,32.87
2015/11/16,32.83
2015/11/17,32.77
2015/11/18,32.73
2015/11/19,32.48
2015/11/20,32.49
2015/11/23,32.62
2015/11/24,32.53
2015/11/25,32.47
2015/11/26,32.47
2015/11/27,32.69
2015/11/30,32.53
2015/12/1,32.53
2015/12/2,32.53
2015/12/3,32.53
2015/12/4,32.53
2015/12/7,32.89
2015/12/8,32.94
2015/12/9,32.9
2015/12/10,32.74
2015/12/11,33.01
2015/12/14,32.9
2015/12/15,32.75
2015/12/16,32.7
2015/12/17,33
2015/12/18,32.85
2015/12/21,32.87
2015/12/22,32.79
2015/12/23,32.82
2015/12/24,32.77
2015/12/25,32.77
2015/12/28,32.79
2015/12/29,32.79
2015/12/30,32.97
2015/12/31,32.79
2016/1/1,32.79
2016/1/4,33.15
2016/1/5,33.14
2016/1/6,33.27
2016/1/7,33.2
2016/1/8,33.34
2016/1/11,33.38
2016/1/12,33.41
2016/1/13,33.41
2016/1/14,33.49
2016/1/15,33.61
2016/1/18,33.61
2016/1/19,33.57
2016/1/20,33.74
2016/1/21,33.56
2016/1/22,33.49
2016/1/25,33.5
2016/1/26,33.46
2016/1/27,33.55
2016/1/28,33.53
2016/1/29,33.43
2016/2/1,33.41
2016/2/2,33.51
2016/2/3,33.42
2016/2/4,33
2016/2/5,33.37
2016/2/8,33.41
2016/2/9,33.23
2016/2/10,33
2016/2/11,32.95
2016/2/12,33.04
2016/2/15,33.04
2016/2/16,33.21
2016/2/17,33.25
2016/2/18,33.26
2016/2/19,33.3
2016/2/22,33.15
2016/2/23,33.26
2016/2/24,33.3
2016/2/25,33.19
2016/2/26,33.29
2016/2/29,33.22
2016/3/1,33.04
2016/3/2,33.09
2016/3/3,32.92
2016/3/4,32.49
2016/3/7,32.54
2016/3/8,32.76
2016/3/9,32.75
2016/3/10,32.87
2016/3/11,32.58
2016/3/14,32.68
2016/3/15,32.86
2016/3/16,32.77
2016/3/17,32.24
2016/3/18,32.3
2016/3/21,32.33
2016/3/22,32.34
2016/3/23,32.49
2016/3/24,32.5
2016/3/25,32.49
2016/3/28,32.56
2016/3/29,32.57
2016/3/30,32.16
2016/3/31,32.18
2016/4/1,32.26
2016/4/4,32.38
2016/4/5,32.44
2016/4/6,32.38
2016/4/7,32.4
2016/4/8,32.4
2016/4/11,32.33
2016/4/12,32.33
2016/4/13,32.35
2016/4/14,32.41
2016/4/15,32.32
2016/4/18,32.32
2016/4/19,32.11
2016/4/20,32.18
2016/4/21,32.27
2016/4/22,32.36
2016/4/25,32.34
2016/4/26,32.27
2016/4/27,32.36
2016/4/28,32.23
2016/4/29,32.28
2016/5/2,32.22
2016/5/3,32.32
2016/5/4,32.39
2016/5/5,32.4
2016/5/6,32.38
2016/5/9,32.54
2016/5/10,32.54
2016/5/11,32.49
2016/5/12,32.59
2016/5/13,32.66
2016/5/16,32.65
2016/5/17,32.56
2016/5/18,32.76
2016/5/19,32.75
2016/5/20,32.69
2016/5/23,32.58
2016/5/24,32.64
2016/5/25,32.55
2016/5/26,32.49
2016/5/27,32.54
2016/5/30,32.54
2016/5/31,32.58
2016/6/1,32.62
2016/6/2,32.6
2016/6/3,32.28
2016/6/6,32.25
2016/6/7,32.16
2016/6/8,32.13
2016/6/9,32.27
2016/6/10,32.29
2016/6/13,32.37
2016/6/14,32.39
2016/6/15,32.31
2016/6/16,32.37
2016/6/17,32.34
2016/6/20,32.22
2016/6/21,32.15
2016/6/22,32.07
2016/6/23,31.99
2016/6/24,32.36
2016/6/27,32.53
2016/6/28,32.41
2016/6/29,32.27
2016/6/30,32.22
2016/7/1,32.2
2016/7/4,32.2
2016/7/5,32.33
2016/7/6,32.36
2016/7/7,32.32
2016/7/8,32.23
2016/7/11,32.21
2016/7/12,32.13
2016/7/13,32.16
2016/7/14,31.94
2016/7/15,31.92
2016/7/18,31.93
2016/7/19,32.06
2016/7/20,32.07
2016/7/21,31.98
2016/7/22,32.03
2016/7/25,32.2
2016/7/26,32.11
2016/7/27,32.06
2016/7/28,31.96
2016/7/29,31.82
2016/8/1,31.55
2016/8/2,31.57
2016/8/3,31.66
2016/8/4,31.62
2016/8/5,31.54
2016/8/8,31.45
2016/8/9,31.28
2016/8/10,31.05
2016/8/11,31.25
2016/8/12,31.38
2016/8/15,31.31
2016/8/16,31.26
2016/8/17,31.53
2016/8/18,31.4
2016/8/19,31.64
2016/8/22,31.8
2016/8/23,31.78
2016/8/24,31.79
2016/8/25,31.68
2016/8/26,31.64
2016/8/29,31.7
2016/8/30,31.74
2016/8/31,31.74
2016/9/1,31.72
2016/9/2,31.66
2016/9/5,31.66
2016/9/6,31.18
2016/9/7,31.24
2016/9/8,31.32
2016/9/9,31.58
2016/9/12,31.7
2016/9/13,31.77
2016/9/14,31.68
2016/9/15,31.68
2016/9/16,31.7
2016/9/19,31.37
2016/9/20,31.31
2016/9/21,31.28
2016/9/22,31.3
2016/9/23,31.34
2016/9/26,31.41
2016/9/27,31.37
2016/9/28,31.35
2016/9/29,31.35
2016/9/30,31.27
2016/10/3,31.36
2016/10/4,31.43
2016/10/5,31.45
2016/10/6,31.5
2016/10/7,31.47
2016/10/10,31.47
2016/10/11,31.64
2016/10/12,31.63
2016/10/13,31.74
2016/10/14,31.76
2016/10/17,31.79
2016/10/18,31.53
2016/10/19,31.44
2016/10/20,31.58
2016/10/21,31.75
2016/10/24,31.68
2016/10/25,31.53
2016/10/26,31.59
2016/10/27,31.7
2016/10/28,31.61
2016/10/31,31.54
2016/11/1,31.54
2016/11/2,31.52
2016/11/3,31.54
2016/11/4,31.54
2016/11/7,31.45
2016/11/8,31.41
2016/11/9,31.53
2016/11/10,31.77
2016/11/11,31.77
2016/11/14,31.99
2016/11/15,31.83
2016/11/16,31.85
2016/11/17,31.93
2016/11/18,32.01
2016/11/21,31.89
2016/11/22,31.85
2016/11/23,31.99
2016/11/24,31.99
2016/11/25,31.85
2016/11/28,31.76
2016/11/29,31.82
2016/11/30,31.92
2016/12/1,31.93
2016/12/2,31.88
2016/12/5,32.01
2016/12/6,31.92
2016/12/7,31.72
2016/12/8,31.73
2016/12/9,31.8
2016/12/12,31.77
2016/12/13,31.77
2016/12/14,31.73
2016/12/15,32
2016/12/16,31.94
2016/12/19,31.98
2016/12/20,32.06
2016/12/21,32.05
2016/12/22,32.19
2016/12/23,32.18
2016/12/26,32.18
2016/12/27,32.27
2016/12/28,32.42
2016/12/29,32.26
2016/12/30,32.4
2017/1/2,32.4
2017/1/3,32.37
2017/1/4,32.16
2017/1/5,31.78
2017/1/6,32
2017/1/9,32.02
2017/1/10,31.92
2017/1/11,31.9
2017/1/12,31.49
2017/1/13,31.6
2017/1/16,31.6
2017/1/17,31.38
2017/1/18,31.53
2017/1/19,31.6
2017/1/20,31.6
2017/1/23,31.41
2017/1/24,31.31
2017/1/25,31.31
2017/1/26,31.42
2017/1/27,31.5
2017/1/30,31.38
2017/1/31,31.19
2017/2/1,31.17
2017/2/2,31
2017/2/3,30.79
2017/2/6,30.89
2017/2/7,31.06
2017/2/8,31.03
2017/2/9,31.06
2017/2/10,30.94
2017/2/13,30.96
2017/2/14,30.78
2017/2/15,30.73
2017/2/16,30.75
2017/2/17,30.9
2017/2/20,30.9
2017/2/21,30.8
2017/2/22,30.77
2017/2/23,30.61
2017/2/24,30.64
2017/2/27,30.72
2017/2/28,30.64
2017/3/1,30.76
2017/3/2,30.88
2017/3/3,31.03
2017/3/6,30.95
2017/3/7,30.92
2017/3/8,30.93
2017/3/9,31.01
2017/3/10,30.99
2017/3/13,30.99
2017/3/14,30.94
2017/3/15,30.83
2017/3/16,30.94
2017/3/17,30.52
2017/3/20,30.38
2017/3/21,30.43
2017/3/22,30.45
2017/3/23,30.46
2017/3/24,30.32
2017/3/27,30.14
2017/3/28,30.17
2017/3/29,30.21
2017/3/30,30.29
2017/3/31,30.38
2017/4/3,30.33
2017/4/4,30.47
2017/4/5,30.4
2017/4/6,30.51
2017/4/7,30.56
2017/4/10,30.57
2017/4/11,30.63
2017/4/12,30.55
2017/4/13,30.32
2017/4/14,30.31
2017/4/17,30.32
2017/4/18,30.39
2017/4/19,30.4
2017/4/20,30.37
2017/4/21,30.34
2017/4/24,30.23
2017/4/25,30.06
2017/4/26,30.1
2017/4/27,30.12
2017/4/28,30.19
2017/5/1,30.16
2017/5/2,30.02
2017/5/3,30.05
2017/5/4,30.12
2017/5/5,30.18
2017/5/8,30.13
2017/5/9,30.24
2017/5/10,30.2
2017/5/11,30.18
2017/5/12,30.15
2017/5/15,30.04
2017/5/16,30.09
2017/5/17,30.1
2017/5/18,30.3
2017/5/19,30.02
2017/5/22,30.01
2017/5/23,30.16
2017/5/24,30.15
2017/5/25,30.08
2017/5/26,30.18
2017/5/29,30.18
2017/5/30,30.15
2017/5/31,30.11
2017/6/1,30.09
2017/6/2,30.09
2017/6/5,30.07
2017/6/6,30.09
2017/6/7,30.09
2017/6/8,30.11
2017/6/9,30.12
2017/6/12,30.22
2017/6/13,30.23
2017/6/14,30.08
2017/6/15,30.35
2017/6/16,30.31
2017/6/19,30.37
2017/6/20,30.45
2017/6/21,30.44
2017/6/22,30.44
2017/6/23,30.29
2017/6/26,30.3
2017/6/27,30.32
2017/6/28,30.41
2017/6/29,30.46
2017/6/30,30.38
2017/7/3,30.49
2017/7/4,30.49
2017/7/5,30.56
2017/7/6,30.61
2017/7/7,30.56
2017/7/10,30.56
2017/7/11,30.53
2017/7/12,30.38
2017/7/13,30.36
2017/7/14,30.26
2017/7/17,30.37
2017/7/18,30.34
2017/7/19,30.37
2017/7/20,30.38
2017/7/21,30.41
2017/7/24,30.34
2017/7/25,30.32
2017/7/26,30.36
2017/7/27,30.18
2017/7/28,30.26
2017/7/31,30.2
2017/8/1,30.24
2017/8/2,30.22
2017/8/3,30.19
2017/8/4,30.18
2017/8/7,30.21
2017/8/8,30.18
2017/8/9,30.24
2017/8/10,30.34
2017/8/11,30.35
2017/8/14,30.28
2017/8/15,30.32
2017/8/16,30.32
2017/8/17,30.32
2017/8/18,30.33
2017/8/21,30.31
2017/8/22,30.28
2017/8/23,30.26
2017/8/24,30.24
2017/8/25,30.09
2017/8/28,30.13
2017/8/29,30.07
2017/8/30,30.13
2017/8/31,30.13
2017/9/1,30.06
2017/9/4,30.06
2017/9/5,30.05
2017/9/6,30.08
2017/9/7,29.93
2017/9/8,30.05
2017/9/11,30.01
2017/9/12,30.04
2017/9/13,30.05
2017/9/14,30.1
2017/9/15,30.06
2017/9/18,30.14
2017/9/19,30.12
2017/9/20,30.08
2017/9/21,30.19
2017/9/22,30.16
2017/9/25,30.25
2017/9/26,30.23
2017/9/27,30.31
2017/9/28,30.37
2017/9/29,30.33
2017/10/2,30.38
2017/10/3,30.44
2017/10/4,30.43
2017/10/5,30.33
2017/10/6,30.36
2017/10/9,30.36
2017/10/10,30.28
2017/10/11,30.23
2017/10/12,30.17
2017/10/13,30.13
2017/10/16,30.14
2017/10/17,30.18
2017/10/18,30.2
2017/10/19,30.23
2017/10/20,30.22
2017/10/23,30.25
2017/10/24,30.28
2017/10/25,30.24
2017/10/26,30.22
2017/10/27,30.23
2017/10/30,30.23
2017/10/31,30.12
2017/11/1,30.13
2017/11/2,30.19
2017/11/3,30.21
2017/11/6,30.16
2017/11/7,30.19
2017/11/8,30.15
2017/11/9,30.2
2017/11/10,30.2
2017/11/13,30.18
2017/11/14,30.13
2017/11/15,30.06
2017/11/16,30.05
2017/11/17,30.05
2017/11/20,30.05
2017/11/21,29.97
2017/11/22,29.97
2017/11/23,29.97
2017/11/24,29.98
2017/11/27,30.02
2017/11/28,29.98
2017/11/29,30.02
2017/11/30,29.98
2017/12/1,30.02
2017/12/4,29.98
2017/12/5,30.03
2017/12/6,30.04
2017/12/7,30.03
2017/12/8,30.02
2017/12/11,30.02
2017/12/12,30.05
2017/12/13,30.01
2017/12/14,30
2017/12/15,29.95
2017/12/18,29.95
2017/12/19,29.95
2017/12/20,29.96
2017/12/21,29.93
2017/12/22,29.89
2017/12/25,29.89
2017/12/26,29.89
2017/12/27,29.95
2017/12/28,29.78
2017/12/29,29.64
2018/1/1,29.64
2018/1/2,29.58
2018/1/3,29.57
2018/1/4,29.6
2018/1/5,29.47
2018/1/8,29.52
2018/1/9,29.61
2018/1/10,29.58
2018/1/11,29.58
2018/1/12,29.6
2018/1/15,29.6
2018/1/16,29.57
2018/1/17,29.57
2018/1/18,29.48
2018/1/19,29.31
2018/1/22,29.25
2018/1/23,29.23
2018/1/24,29.11
2018/1/25,29.05
2018/1/26,29.12
2018/1/29,29.19
2018/1/30,29.26
2018/1/31,29.16
2018/2/1,29.21
2018/2/2,29.32
2018/2/5,29.32
2018/2/6,29.27
2018/2/7,29.24
2018/2/8,29.42
2018/2/9,29.35
2018/2/12,29.34
2018/2/13,29.29
2018/2/14,29.13
2018/2/15,29.03
2018/2/16,29.08
2018/2/19,29.08
2018/2/20,29.13
2018/2/21,29.19
2018/2/22,29.25
2018/2/23,29.27
2018/2/26,29.22
2018/2/27,29.29
2018/2/28,29.32
2018/3/1,29.31
2018/3/2,29.29
2018/3/5,29.27
2018/3/6,29.21
2018/3/7,29.29
2018/3/8,29.35
2018/3/9,29.24
2018/3/12,29.25
2018/3/13,29.22
2018/3/14,29.23
2018/3/15,29.15
2018/3/16,29.13
2018/3/19,29.17
2018/3/20,29.16
2018/3/21,29.16
2018/3/22,29.19
2018/3/23,29.18
2018/3/26,29.1
2018/3/27,29.13
2018/3/28,29.12
2018/3/29,29.13
2018/3/30,29.1
2018/4/2,29.14
2018/4/3,29.16
2018/4/4,29.23
2018/4/5,29.24
2018/4/6,29.29
2018/4/9,29.24
2018/4/10,29.2
2018/4/11,29.2
2018/4/12,29.31
2018/4/13,29.32
2018/4/16,29.35
2018/4/17,29.36
2018/4/18,29.31
2018/4/19,29.39
2018/4/20,29.48
2018/4/23,29.58
2018/4/24,29.57
2018/4/25,29.72
2018/4/26,29.68
2018/4/27,29.54
2018/4/30,29.6
2018/5/1,29.68
2018/5/2,29.76
2018/5/3,29.71
2018/5/4,29.7
2018/5/7,29.82
2018/5/8,29.8
2018/5/9,29.92
2018/5/10,29.75
2018/5/11,29.77
2018/5/14,29.77
2018/5/15,29.89
2018/5/16,29.87
2018/5/17,29.93
2018/5/18,29.95
2018/5/21,29.98
2018/5/22,29.84
2018/5/23,29.98
2018/5/24,29.97
2018/5/25,29.94
2018/5/28,29.94
2018/5/29,30.09
2018/5/30,29.97
2018/5/31,29.99
2018/6/1,29.82
2018/6/4,29.77
2018/6/5,29.84
2018/6/6,29.7
2018/6/7,29.75
2018/6/8,29.87
2018/6/11,29.82
2018/6/12,29.83
2018/6/13,29.82
2018/6/14,29.91
2018/6/15,30.13
2018/6/18,30.18
2018/6/19,30.16
2018/6/20,30.18
2018/6/21,30.33
2018/6/22,30.35
2018/6/25,30.39
2018/6/26,30.41
2018/6/27,30.51
2018/6/28,30.58
2018/6/29,30.43
2018/7/2,30.56
2018/7/3,30.52
2018/7/4,30.52
2018/7/5,30.53
2018/7/6,30.46
2018/7/9,30.36
2018/7/10,30.38
2018/7/11,30.56
2018/7/12,30.46
2018/7/13,30.58
2018/7/16,30.54
2018/7/17,30.53
2018/7/18,30.61
2018/7/19,30.69
2018/7/20,30.59
2018/7/23,30.64
2018/7/24,30.63
2018/7/25,30.51
2018/7/26,30.58
2018/7/27,30.56
2018/7/30,30.57
2018/7/31,30.54
2018/8/1,30.63
2018/8/2,30.71
2018/8/3,30.57
2018/8/6,30.63
2018/8/7,30.56
2018/8/8,30.6
2018/8/9,30.64
2018/8/10,30.77
2018/8/13,30.83
2018/8/14,30.83
2018/8/15,30.85
2018/8/16,30.76
2018/8/17,30.76
2018/8/20,30.76
2018/8/21,30.7
2018/8/22,30.66
2018/8/23,30.81
2018/8/24,30.66
2018/8/27,30.68
2018/8/28,30.64
2018/8/29,30.71
2018/8/30,30.73
2018/8/31,30.7
2018/9/3,30.7
2018/9/4,30.79
2018/9/5,30.79
2018/9/6,30.78
2018/9/7,30.77
2018/9/10,30.84
2018/9/11,30.81
2018/9/12,30.74
2018/9/13,30.79
2018/9/14,30.77
2018/9/17,30.77
2018/9/18,30.79
2018/9/19,30.75
2018/9/20,30.76
2018/9/21,30.65
2018/9/24,30.69
2018/9/25,30.66
2018/9/26,30.65
2018/9/27,30.52
2018/9/28,30.46
2018/10/1,30.54
2018/10/2,30.55
2018/10/3,30.72
2018/10/4,30.84
2018/10/5,30.91
2018/10/8,30.91
2018/10/9,30.97
2018/10/10,30.99
2018/10/11,31
2018/10/12,30.89
2018/10/15,30.85
2018/10/16,30.82
2018/10/17,30.83
2018/10/18,30.98
2018/10/19,30.88
2018/10/22,30.92
2018/10/23,30.97
2018/10/24,30.99
2018/10/25,30.93
2018/10/26,31
2018/10/29,30.96
2018/10/30,30.93
2018/10/31,30.94
2018/11/1,30.75
2018/11/2,30.57
2018/11/5,30.7
2018/11/6,30.79
2018/11/7,30.64
2018/11/8,30.68
2018/11/9,30.79
2018/11/12,30.79
2018/11/13,30.88
2018/11/14,30.88
2018/11/15,30.81
2018/11/16,30.8
2018/11/19,30.89
2018/11/20,30.94
2018/11/21,30.84
2018/11/22,30.84
2018/11/23,30.93
2018/11/26,30.85
2018/11/27,30.9
2018/11/28,30.86
2018/11/29,30.79
2018/11/30,30.83
2018/12/3,30.67
2018/12/4,30.71
2018/12/5,30.71
2018/12/6,30.91
2018/12/7,30.92
2018/12/10,30.9
2018/12/11,30.86
2018/12/12,30.79
2018/12/13,30.84
2018/12/14,30.86
2018/12/17,30.8
2018/12/18,30.81
2018/12/19,30.72
2018/12/20,30.78
2018/12/21,30.74
2018/12/24,30.74
2018/12/25,30.74
2018/12/26,30.81
2018/12/27,30.8
2018/12/28,30.55
